-- MySQL dump 10.13  Distrib 8.0.23, for osx10.16 (x86_64)
--
-- Host: 127.0.0.1    Database: vk
-- ------------------------------------------------------
-- Server version	8.0.23-0ubuntu0.20.10.1

/*!40101 SET @OLD_CHARACTER_SET_CLIENT=@@CHARACTER_SET_CLIENT */;
/*!40101 SET @OLD_CHARACTER_SET_RESULTS=@@CHARACTER_SET_RESULTS */;
/*!40101 SET @OLD_COLLATION_CONNECTION=@@COLLATION_CONNECTION */;
/*!50503 SET NAMES utf8mb4 */;
/*!40103 SET @OLD_TIME_ZONE=@@TIME_ZONE */;
/*!40103 SET TIME_ZONE='+00:00' */;
/*!40014 SET @OLD_UNIQUE_CHECKS=@@UNIQUE_CHECKS, UNIQUE_CHECKS=0 */;
/*!40014 SET @OLD_FOREIGN_KEY_CHECKS=@@FOREIGN_KEY_CHECKS, FOREIGN_KEY_CHECKS=0 */;
/*!40101 SET @OLD_SQL_MODE=@@SQL_MODE, SQL_MODE='NO_AUTO_VALUE_ON_ZERO' */;
/*!40111 SET @OLD_SQL_NOTES=@@SQL_NOTES, SQL_NOTES=0 */;

--
-- Table structure for table `communities`
--

DROP TABLE IF EXISTS `communities`;
/*!40101 SET @saved_cs_client     = @@character_set_client */;
/*!50503 SET character_set_client = utf8mb4 */;
CREATE TABLE `communities` (
  `id` int unsigned NOT NULL AUTO_INCREMENT COMMENT 'Идентификатор сроки',
  `name` varchar(150) NOT NULL COMMENT 'Название группы',
  `created_at` datetime DEFAULT CURRENT_TIMESTAMP COMMENT 'Время создания строки',
  `updated_at` datetime DEFAULT CURRENT_TIMESTAMP ON UPDATE CURRENT_TIMESTAMP COMMENT 'Время обновления строки',
  PRIMARY KEY (`id`),
  UNIQUE KEY `name` (`name`)
) ENGINE=InnoDB AUTO_INCREMENT=101 DEFAULT CHARSET=utf8mb4 COLLATE=utf8mb4_0900_ai_ci COMMENT='Группы';
/*!40101 SET character_set_client = @saved_cs_client */;

--
-- Dumping data for table `communities`
--

LOCK TABLES `communities` WRITE;
/*!40000 ALTER TABLE `communities` DISABLE KEYS */;
INSERT INTO `communities` VALUES (1,'facilis','1972-01-12 11:14:33','1982-10-14 21:32:20'),(2,'facere','2012-06-02 10:47:58','2002-02-01 04:35:24'),(3,'et','1981-06-10 14:46:33','1995-03-21 14:54:02'),(4,'quisquam','1976-11-13 12:34:22','2005-12-17 09:24:51'),(5,'tenetur','1982-01-05 03:14:42','1971-03-16 19:29:04'),(6,'aut','2019-05-02 05:14:40','1973-10-23 01:35:00'),(7,'laborum','1976-12-28 05:52:49','1978-08-30 20:20:59'),(8,'vel','2015-12-14 05:40:28','2020-08-01 03:40:01'),(9,'quo','1974-04-04 13:42:58','1998-10-02 10:58:11'),(10,'aperiam','1995-10-15 18:19:36','2020-09-18 04:06:25'),(11,'possimus','2018-10-14 08:29:25','2017-10-01 09:24:41'),(12,'quia','2012-08-04 03:15:47','1987-01-18 20:59:09'),(13,'reiciendis','2012-08-18 10:41:51','2002-06-29 10:05:34'),(14,'consequatur','1973-12-21 09:07:07','1985-01-10 00:21:09'),(15,'ut','1982-04-17 02:38:41','1982-04-27 18:11:28'),(16,'totam','2014-06-24 14:16:14','1992-06-21 04:29:41'),(17,'quos','1981-11-20 11:20:10','1979-02-24 08:28:50'),(18,'modi','1994-02-05 12:55:49','2008-11-16 05:56:38'),(19,'recusandae','1971-06-25 01:03:59','2015-08-23 10:03:05'),(20,'qui','2003-09-02 16:43:57','1978-02-17 00:34:39'),(21,'voluptas','1986-11-25 20:14:29','1983-09-29 04:15:28'),(22,'magni','1981-05-20 15:23:25','1984-03-16 12:55:56'),(23,'minima','2015-02-08 01:18:56','2018-12-19 22:24:47'),(24,'voluptate','2016-12-08 18:40:38','1982-01-29 00:15:57'),(25,'tempore','1996-09-26 14:39:32','1991-05-17 13:55:43'),(26,'sit','2019-11-09 00:45:54','2012-04-30 14:36:45'),(27,'doloribus','1978-03-18 08:15:53','1991-01-31 21:30:41'),(28,'explicabo','2008-08-09 23:44:38','2006-05-26 19:41:53'),(29,'veniam','2006-10-17 09:33:36','1991-09-04 05:26:06'),(30,'fuga','1984-05-01 16:53:49','2020-11-14 09:34:19'),(31,'a','1979-09-07 12:04:37','1999-05-09 00:15:39'),(32,'tempora','1980-09-01 22:57:27','1983-03-05 04:12:59'),(33,'itaque','2001-06-09 03:40:53','1986-07-03 04:19:42'),(34,'similique','1991-08-23 14:15:42','1979-03-06 17:49:30'),(35,'nobis','2002-03-20 15:56:35','2019-12-12 15:42:02'),(36,'optio','1999-02-20 02:42:54','1971-08-01 18:30:02'),(37,'voluptatum','2000-04-19 08:54:54','2016-06-13 07:36:46'),(38,'nesciunt','2009-12-05 10:00:00','2010-03-28 18:12:45'),(39,'molestias','1991-09-18 06:28:02','1976-11-23 04:37:15'),(40,'neque','1975-08-01 15:16:48','2003-02-27 01:55:33'),(41,'aliquid','2004-04-21 16:39:20','2003-01-28 00:49:40'),(42,'ab','1982-08-30 18:35:01','1988-11-07 15:26:18'),(43,'blanditiis','2011-10-14 22:49:43','1979-07-30 12:50:35'),(44,'alias','2007-01-31 20:06:09','1982-10-25 01:57:02'),(45,'numquam','2001-11-24 23:54:48','1983-07-30 19:52:11'),(46,'excepturi','1988-04-21 19:45:05','1990-04-02 20:54:00'),(47,'eum','1997-02-07 20:37:39','1998-06-15 19:42:19'),(48,'placeat','1973-09-26 18:25:20','1989-08-23 13:55:29'),(49,'molestiae','1975-04-23 01:51:37','1991-09-15 02:37:13'),(50,'nihil','1984-08-12 23:19:43','1987-05-01 15:23:10'),(51,'veritatis','1980-05-11 22:28:57','1977-11-07 07:41:10'),(52,'ipsa','1997-04-14 06:33:11','1982-03-25 07:32:21'),(53,'accusantium','1991-11-04 09:02:40','1975-08-24 06:24:47'),(54,'dolorum','2012-06-01 05:58:35','1974-07-13 01:18:59'),(55,'dolorem','1974-03-02 02:03:53','2019-11-28 10:31:46'),(56,'sunt','1985-06-26 22:20:49','1995-07-24 13:08:34'),(57,'officiis','1984-08-30 20:09:11','2004-11-04 02:55:43'),(58,'nostrum','2020-11-11 00:19:00','1972-02-15 21:13:49'),(59,'repudiandae','2015-09-24 11:44:39','1972-09-04 00:49:28'),(60,'est','1986-10-01 01:30:50','1971-08-02 13:34:10'),(61,'sint','1987-10-03 00:38:48','1993-01-19 23:32:10'),(62,'officia','1998-11-13 12:17:00','1971-01-09 18:59:56'),(63,'libero','2002-04-27 07:58:14','2003-11-11 00:13:16'),(64,'maiores','2008-06-23 16:41:19','2001-02-27 09:27:16'),(65,'ipsam','1994-09-23 01:33:26','1983-08-24 20:19:10'),(66,'ex','1996-11-15 13:53:06','1988-02-27 21:23:38'),(67,'earum','2020-01-01 20:29:43','2003-04-10 16:50:49'),(68,'debitis','1986-10-16 22:42:42','2006-03-01 02:09:53'),(69,'culpa','1985-12-08 11:09:23','1997-08-20 03:01:00'),(70,'in','1978-06-29 00:29:37','1989-02-26 07:47:33'),(71,'ratione','1981-08-19 19:32:54','1985-06-29 21:13:23'),(72,'reprehenderit','2006-12-15 01:51:23','1987-07-13 00:00:01'),(73,'inventore','2008-02-19 18:08:39','1985-12-08 17:41:37'),(74,'atque','2017-11-22 02:53:22','1990-08-13 02:06:57'),(75,'vitae','1983-09-01 05:28:59','1983-11-13 02:22:43'),(76,'eaque','1998-01-13 21:58:56','1980-01-05 09:19:53'),(77,'ea','1988-07-15 19:36:01','2000-12-20 19:19:43'),(78,'suscipit','2013-08-21 14:19:24','1971-07-25 08:18:19'),(79,'deserunt','2004-08-11 14:57:00','1991-09-28 07:08:26'),(80,'saepe','2020-05-10 11:05:29','1990-12-31 15:00:41'),(81,'corporis','2019-04-27 05:05:35','1974-04-10 09:25:52'),(82,'laboriosam','1974-10-20 23:43:08','1980-10-12 10:05:00'),(83,'delectus','1991-11-22 21:56:35','1973-05-23 21:23:53'),(84,'sed','2005-02-10 14:51:03','2005-07-21 01:25:38'),(85,'ducimus','1971-07-14 23:44:55','1981-09-06 14:56:30'),(86,'error','1995-03-09 21:52:14','2011-10-29 03:06:18'),(87,'corrupti','1996-10-29 19:03:52','1975-03-17 07:57:25'),(88,'iste','1973-01-22 22:57:25','1975-03-27 00:58:12'),(89,'voluptatem','1973-03-19 03:03:31','2014-06-01 22:13:08'),(90,'repellat','1991-01-25 23:32:23','1972-03-16 05:57:53'),(91,'autem','2020-10-15 21:24:19','1985-03-09 06:03:17'),(92,'adipisci','1976-05-19 11:58:23','1990-04-24 03:51:00'),(93,'nulla','1980-01-27 02:26:02','2009-12-02 06:59:21'),(94,'cum','2020-03-06 07:20:25','1985-04-12 19:43:36'),(95,'ullam','1978-10-07 19:49:44','2016-05-17 15:32:25'),(96,'cupiditate','2017-02-04 12:38:16','1978-03-20 17:10:29'),(97,'perferendis','1973-10-04 07:03:51','2002-12-03 06:13:53'),(98,'aspernatur','1987-11-19 05:31:39','1991-06-25 03:48:21'),(99,'nemo','1970-12-11 14:28:39','1989-05-30 23:41:16'),(100,'cumque','1988-08-21 06:18:52','1983-09-05 03:53:53');
/*!40000 ALTER TABLE `communities` ENABLE KEYS */;
UNLOCK TABLES;

--
-- Table structure for table `communities_users`
--

DROP TABLE IF EXISTS `communities_users`;
/*!40101 SET @saved_cs_client     = @@character_set_client */;
/*!50503 SET character_set_client = utf8mb4 */;
CREATE TABLE `communities_users` (
  `community_id` int unsigned NOT NULL COMMENT 'Ссылка на группу',
  `user_id` int unsigned NOT NULL COMMENT 'Ссылка на пользователя',
  `created_at` datetime DEFAULT CURRENT_TIMESTAMP COMMENT 'Время создания строки',
  PRIMARY KEY (`community_id`,`user_id`) COMMENT 'Составной первичный ключ'
) ENGINE=InnoDB DEFAULT CHARSET=utf8mb4 COLLATE=utf8mb4_unicode_ci COMMENT='Участники групп, связь между пользователями и группами';
/*!40101 SET character_set_client = @saved_cs_client */;

--
-- Dumping data for table `communities_users`
--

LOCK TABLES `communities_users` WRITE;
/*!40000 ALTER TABLE `communities_users` DISABLE KEYS */;
INSERT INTO `communities_users` VALUES (1,1,'1995-12-21 13:22:27'),(2,2,'1979-10-03 10:51:20'),(3,3,'1984-01-22 01:39:26'),(4,4,'1987-07-31 07:31:26'),(5,5,'2012-03-19 23:12:06'),(6,6,'2006-10-27 16:59:05'),(7,7,'2009-10-30 09:03:30'),(8,8,'1994-12-15 21:16:37'),(9,9,'1990-10-17 13:51:25'),(10,10,'1981-05-22 07:35:19'),(11,11,'1981-09-01 05:01:34'),(12,12,'1992-11-06 05:21:20'),(13,13,'1984-03-14 18:15:14'),(14,14,'1993-06-12 15:22:52'),(15,15,'1999-10-27 23:50:41'),(16,16,'2010-08-20 06:02:39'),(17,17,'1996-05-15 17:52:08'),(18,18,'1995-10-15 19:45:02'),(19,19,'2005-10-16 09:48:53'),(20,20,'1983-04-06 11:15:26'),(21,21,'2020-01-20 07:28:19'),(22,22,'2020-05-07 11:13:14'),(23,23,'1991-01-09 16:43:55'),(24,24,'1999-02-02 23:00:26'),(25,25,'2019-03-13 12:24:24'),(26,26,'1988-07-28 11:44:42'),(27,27,'1971-07-25 12:19:48'),(28,28,'1977-05-25 10:07:47'),(29,29,'2010-10-20 04:59:39'),(30,30,'1971-07-05 06:07:56'),(31,31,'1998-06-29 15:13:37'),(32,32,'1988-02-05 20:59:24'),(33,33,'1988-09-17 05:06:05'),(34,34,'1992-11-04 20:54:34'),(35,35,'1973-08-24 18:15:45'),(36,36,'2005-06-18 14:06:48'),(37,37,'1979-05-26 13:44:11'),(38,38,'2009-06-25 21:09:52'),(39,39,'2002-08-12 12:41:13'),(40,40,'1992-07-02 20:31:10'),(41,41,'2013-03-01 15:49:15'),(42,42,'1980-11-26 02:47:38'),(43,43,'1975-09-09 11:22:18'),(44,44,'1978-02-16 23:48:40'),(45,45,'2014-09-11 09:49:39'),(46,46,'2007-09-01 17:21:07'),(47,47,'1989-09-29 22:59:46'),(48,48,'1990-05-28 14:01:49'),(49,49,'2002-09-08 20:50:54'),(50,50,'1984-10-13 06:03:12'),(51,51,'2010-06-21 21:59:08'),(52,52,'2004-08-05 03:44:59'),(53,53,'1982-11-12 15:35:34'),(54,54,'1978-01-08 10:55:19'),(55,55,'2011-11-13 05:40:47'),(56,56,'2012-01-03 16:40:29'),(57,57,'2009-04-30 23:58:20'),(58,58,'1982-11-17 02:26:50'),(59,59,'2010-11-07 02:05:58'),(60,60,'2001-10-14 19:21:13'),(61,61,'2001-06-03 15:54:07'),(62,62,'2012-03-05 21:58:46'),(63,63,'2004-02-09 05:54:31'),(64,64,'1985-09-14 04:52:10'),(65,65,'1980-12-23 02:08:28'),(66,66,'2009-10-04 22:22:44'),(67,67,'2016-02-25 06:53:44'),(68,68,'1987-02-01 21:37:34'),(69,69,'1996-12-17 23:57:41'),(70,70,'1991-08-19 03:04:07'),(71,71,'1977-06-09 05:24:59'),(72,72,'1983-12-04 04:27:17'),(73,73,'2000-09-28 07:30:36'),(74,74,'1988-06-24 11:41:52'),(75,75,'1980-05-03 05:44:50'),(76,76,'1999-01-16 02:23:23'),(77,77,'2007-12-10 04:05:07'),(78,78,'2005-05-09 16:46:07'),(79,79,'1998-07-08 09:12:01'),(80,80,'1989-08-23 03:04:16'),(81,81,'2019-04-16 18:34:17'),(82,82,'2016-01-10 09:27:31'),(83,83,'2006-07-29 12:58:52'),(84,84,'2013-02-02 01:26:20'),(85,85,'1985-10-05 10:13:06'),(86,86,'1970-11-13 05:47:35'),(87,87,'2011-10-12 02:42:46'),(88,88,'1986-05-20 12:42:52'),(89,89,'2006-09-28 13:00:10'),(90,90,'1997-08-23 20:57:47'),(91,91,'2021-03-11 11:04:13'),(92,92,'2002-06-05 10:18:21'),(93,93,'1995-12-29 16:26:53'),(94,94,'1994-05-21 04:25:07'),(95,95,'1985-10-14 09:22:38'),(96,96,'2011-09-05 22:53:43'),(97,97,'1987-04-26 05:14:59'),(98,98,'1989-07-17 01:04:13'),(99,99,'2012-03-02 19:20:35'),(100,100,'1982-03-07 05:58:00');
/*!40000 ALTER TABLE `communities_users` ENABLE KEYS */;
UNLOCK TABLES;

--
-- Table structure for table `friendship`
--

DROP TABLE IF EXISTS `friendship`;
/*!40101 SET @saved_cs_client     = @@character_set_client */;
/*!50503 SET character_set_client = utf8mb4 */;
CREATE TABLE `friendship` (
  `user_id` int unsigned NOT NULL COMMENT 'Ссылка на инициатора дружеских отношений',
  `friend_id` int unsigned NOT NULL COMMENT 'Ссылка на получателя приглашения дружить',
  `status_id` int unsigned NOT NULL COMMENT 'Ссылка на статус (текущее состояние) отношений',
  `requested_at` datetime DEFAULT CURRENT_TIMESTAMP COMMENT 'Время отправления приглашения дружить',
  `confirmed_at` datetime DEFAULT NULL COMMENT 'Время подтверждения приглашения',
  `created_at` datetime DEFAULT CURRENT_TIMESTAMP COMMENT 'Время создания строки',
  `updated_at` datetime DEFAULT CURRENT_TIMESTAMP ON UPDATE CURRENT_TIMESTAMP COMMENT 'Время обновления строки',
  PRIMARY KEY (`user_id`,`friend_id`) COMMENT 'Составной первичный ключ'
) ENGINE=InnoDB DEFAULT CHARSET=utf8mb4 COLLATE=utf8mb4_unicode_ci COMMENT='Таблица дружбы';
/*!40101 SET character_set_client = @saved_cs_client */;

--
-- Dumping data for table `friendship`
--

LOCK TABLES `friendship` WRITE;
/*!40000 ALTER TABLE `friendship` DISABLE KEYS */;
INSERT INTO `friendship` VALUES (1,67,3,'1992-03-20 21:36:39','2010-12-30 15:49:24','1984-07-22 22:03:43','2021-03-14 22:55:37'),(2,10,3,'1985-05-13 03:24:49','1998-04-17 18:56:44','1998-02-17 14:43:01','2021-03-14 22:55:37'),(3,84,3,'1976-03-11 07:04:55','1973-10-03 20:45:41','1971-05-06 01:29:59','2021-03-14 22:55:37'),(4,53,2,'1983-09-19 18:36:18','1979-03-06 06:16:44','1993-11-26 18:50:36','2021-03-14 22:55:31'),(5,81,2,'2017-03-02 11:32:05','1984-06-08 23:05:36','1987-08-18 22:22:15','2021-03-14 22:55:37'),(6,62,2,'2019-02-12 17:09:03','2019-09-11 17:10:52','1981-11-18 12:52:05','2021-03-14 22:55:37'),(7,50,2,'2019-11-27 13:25:13','2000-03-22 11:20:47','2011-10-24 08:15:43','2021-03-14 22:55:37'),(8,93,1,'1989-04-09 02:45:53','1992-08-28 22:07:06','2004-03-22 11:59:34','2021-03-14 22:55:31'),(9,12,3,'1988-04-14 09:44:44','2020-07-29 22:44:22','1983-04-12 11:42:04','2021-03-14 22:55:31'),(10,31,3,'1986-03-26 06:01:47','2014-07-01 01:51:44','2016-02-24 14:05:46','2021-03-14 22:55:31'),(11,99,2,'2014-08-21 17:36:53','1975-10-10 10:55:09','2009-10-22 04:45:06','2021-03-14 22:55:37'),(12,43,1,'2017-11-05 06:51:47','2009-01-28 11:14:47','1975-09-27 23:47:01','2021-03-14 22:55:31'),(13,12,2,'1979-11-13 21:40:33','1991-03-29 03:14:15','2013-05-15 05:36:18','2021-03-14 22:55:31'),(14,10,1,'2012-10-31 05:14:31','2000-03-23 14:26:13','1971-01-02 11:07:48','2021-03-14 22:55:31'),(15,73,1,'1981-10-17 23:09:06','2007-09-09 22:35:57','1989-07-09 00:50:20','2021-03-14 22:55:37'),(16,97,2,'2007-11-18 10:58:50','2010-11-12 09:53:12','2009-01-03 11:25:06','2021-03-14 22:55:37'),(17,2,1,'2020-03-14 03:03:26','2017-09-13 10:11:28','2021-01-27 14:30:40','2021-03-14 22:55:37'),(18,92,3,'1971-07-21 03:54:06','1989-04-13 03:53:17','1993-04-16 13:51:33','2021-03-14 22:55:31'),(19,85,2,'2006-10-18 22:33:16','1988-09-30 07:53:45','1999-04-21 09:13:28','2021-03-14 22:55:37'),(20,74,2,'2008-08-15 17:36:06','1986-07-22 10:58:06','1971-03-29 08:03:17','2021-03-14 22:55:37'),(21,3,2,'1998-02-02 20:54:03','2017-08-21 13:05:22','1985-10-09 00:15:58','2021-03-14 22:55:37'),(22,21,2,'1976-01-07 01:02:45','1993-06-15 02:37:59','2020-06-14 08:06:05','2021-03-14 22:55:37'),(23,4,1,'1992-10-01 02:43:15','1996-09-15 21:37:11','1998-07-06 15:54:09','2021-03-14 22:55:37'),(24,73,1,'1977-03-24 18:37:43','1986-01-06 07:25:43','2016-11-01 01:39:34','2021-03-14 22:55:37'),(25,15,2,'1973-08-04 08:44:06','1979-03-17 00:15:44','2016-10-01 00:36:25','2021-03-14 22:55:31'),(26,97,2,'1978-03-22 11:15:09','2003-04-19 00:24:07','2005-07-01 22:00:28','2021-03-14 22:55:37'),(27,88,2,'1977-03-30 03:09:34','2011-03-04 20:04:58','1983-01-01 08:17:02','2021-03-14 22:55:37'),(28,8,2,'1990-06-24 00:14:55','1973-06-23 16:39:08','1997-02-21 19:50:27','2021-03-14 22:55:31'),(29,72,1,'2016-02-09 10:03:33','2014-06-19 08:30:43','2008-07-28 07:10:45','2021-03-14 22:55:37'),(30,4,2,'1990-08-17 17:49:36','1994-10-17 23:20:27','2011-03-19 16:10:59','2021-03-14 22:55:37'),(31,63,1,'2009-10-27 04:44:19','2006-07-20 02:00:27','1987-12-30 02:52:08','2021-03-14 22:55:37'),(32,89,3,'2000-05-30 08:23:01','2013-07-18 01:47:02','2007-05-20 13:39:20','2021-03-14 22:55:31'),(33,8,1,'1996-04-15 13:34:02','2013-08-16 00:32:52','2017-10-25 09:06:55','2021-03-14 22:55:37'),(34,57,1,'1980-12-16 22:51:01','1997-09-26 04:09:38','2001-03-20 19:09:48','2021-03-14 22:55:37'),(35,73,2,'1991-11-29 20:26:18','2012-08-31 23:01:07','2017-09-08 23:57:43','2021-03-14 22:55:37'),(36,55,3,'1977-03-26 05:15:25','1981-05-28 09:12:37','2020-08-28 11:51:05','2021-03-14 22:55:37'),(37,3,3,'2006-01-07 09:31:42','2009-10-04 01:37:02','1972-12-03 09:57:57','2021-03-14 22:55:37'),(38,33,1,'2011-08-25 03:59:48','1994-04-25 01:39:11','2006-11-20 13:37:19','2021-03-14 22:55:31'),(39,36,3,'1973-08-08 23:40:50','2017-01-20 03:35:24','2011-02-02 23:49:59','2021-03-14 22:55:31'),(40,85,3,'2007-04-25 10:07:58','2015-04-17 18:43:40','1988-06-22 10:14:40','2021-03-14 22:55:37'),(41,76,1,'1997-11-03 19:58:45','2005-08-12 21:54:07','2009-06-11 12:42:35','2021-03-14 22:55:37'),(42,14,1,'1992-02-03 21:03:58','2017-05-12 12:12:55','1982-10-04 19:31:18','2021-03-14 22:55:31'),(43,83,3,'1978-01-10 05:36:39','2005-01-31 23:14:22','2021-02-10 05:55:32','2021-03-14 22:55:31'),(44,27,3,'1978-05-09 10:03:13','2017-03-13 18:30:26','1976-12-18 02:55:22','2021-03-14 22:55:31'),(45,14,3,'2017-10-30 12:00:39','1982-12-25 14:33:33','2001-01-15 14:10:13','2021-03-14 22:55:31'),(46,35,2,'1982-01-10 10:50:37','1976-11-12 02:26:24','1992-02-17 05:11:40','2021-03-14 22:55:37'),(47,60,2,'1974-11-19 12:34:00','2019-06-29 19:34:09','1980-07-22 16:58:23','2021-03-14 22:55:37'),(48,24,1,'1977-06-25 02:03:33','1982-05-18 23:17:49','2020-02-06 00:25:51','2021-03-14 22:55:37'),(49,39,3,'1986-01-01 20:40:51','1988-12-28 18:16:17','2009-04-25 16:23:23','2021-03-14 22:55:31'),(50,80,2,'1991-06-25 06:50:17','1983-06-12 02:57:05','1971-04-19 14:57:20','2021-03-14 22:55:37'),(51,32,3,'1986-01-26 10:55:06','1986-06-30 01:33:27','1973-09-14 07:21:05','2021-03-14 22:55:37'),(52,49,2,'1976-06-15 23:08:39','1993-02-06 01:27:07','2002-01-06 14:53:11','2021-03-14 22:55:31'),(53,50,3,'1994-05-28 01:16:02','1996-02-24 13:17:38','1977-05-18 23:46:43','2021-03-14 22:55:37'),(54,94,3,'2019-04-06 20:30:50','2008-06-03 21:33:46','2015-05-21 01:12:35','2021-03-14 22:55:31'),(55,91,1,'2012-08-11 20:20:42','1992-07-16 10:28:23','1974-05-04 07:48:30','2021-03-14 22:55:31'),(56,92,2,'1972-12-01 07:07:17','1981-12-14 00:47:12','1991-07-16 00:28:18','2021-03-14 22:55:37'),(57,16,2,'2013-01-19 22:27:08','2009-06-03 09:59:02','1971-01-26 16:18:17','2021-03-14 22:55:37'),(58,80,1,'2006-01-11 15:12:44','1975-04-07 09:16:55','2018-09-09 04:40:28','2021-03-14 22:55:31'),(59,57,2,'1988-07-16 16:50:47','1976-11-08 08:16:18','1995-11-29 14:15:32','2021-03-14 22:55:37'),(60,35,2,'2020-03-30 14:18:01','1985-08-02 10:52:24','2011-01-27 00:12:23','2021-03-14 22:55:31'),(61,99,1,'2013-08-19 12:52:13','2009-07-17 18:20:47','2002-02-21 21:00:33','2021-03-14 22:55:37'),(62,14,3,'1988-08-09 17:49:30','1995-07-30 21:36:44','1981-05-08 04:04:36','2021-03-14 22:55:37'),(63,45,3,'2012-02-05 22:46:55','2005-06-09 07:31:40','1979-10-06 05:46:33','2021-03-14 22:55:37'),(64,54,3,'1994-04-11 23:14:05','2008-06-29 21:51:27','1999-04-24 08:57:07','2021-03-14 22:55:31'),(65,98,2,'1987-06-13 03:15:22','1980-02-11 03:35:34','2020-03-20 06:08:29','2021-03-14 22:55:37'),(66,76,3,'1982-09-11 10:53:53','1992-07-15 08:59:55','1997-07-08 22:25:47','2021-03-14 22:55:31'),(67,31,2,'2008-01-16 19:07:29','2010-11-17 04:38:56','2002-08-07 19:44:57','2021-03-14 22:55:31'),(68,64,1,'1986-02-19 23:42:55','2009-09-24 21:09:35','2003-01-27 19:13:21','2021-03-14 22:55:37'),(69,68,2,'1970-09-08 03:34:14','2007-04-08 04:47:57','2020-01-31 10:28:03','2021-03-14 22:55:31'),(70,66,2,'1995-01-25 17:31:45','1988-05-16 11:53:11','1986-10-29 23:34:01','2021-03-14 22:55:37'),(71,35,1,'1985-09-01 01:18:31','2012-08-30 21:56:02','2011-03-28 19:18:00','2021-03-14 22:55:31'),(72,46,1,'1971-08-03 22:38:08','2001-08-26 16:25:27','1979-07-19 07:32:17','2021-03-14 22:55:31'),(73,45,1,'1990-12-09 23:11:28','1970-05-19 04:25:53','1995-12-12 21:14:26','2021-03-14 22:55:37'),(74,31,3,'2001-08-03 07:48:38','2017-11-03 09:03:38','1970-05-13 07:53:19','2021-03-14 22:55:31'),(75,18,3,'1975-03-25 01:27:29','1984-06-09 07:39:31','1988-08-10 23:40:02','2021-03-14 22:55:37'),(76,5,1,'1986-01-06 09:04:09','1978-08-13 07:05:25','2020-04-03 01:02:01','2021-03-14 22:55:31'),(77,62,2,'1977-04-09 10:08:18','2002-10-17 23:18:18','2005-06-11 22:35:29','2021-03-14 22:55:37'),(78,71,3,'1985-02-25 18:29:46','1991-09-11 02:24:09','1980-03-02 18:31:08','2021-03-14 22:55:37'),(79,92,2,'1980-04-20 22:50:20','2011-11-10 03:58:08','2000-03-08 12:23:06','2021-03-14 22:55:31'),(80,30,2,'2003-01-13 03:51:14','1972-12-26 01:28:01','2015-08-29 22:51:33','2021-03-14 22:55:31'),(81,92,2,'1993-10-06 08:10:22','1981-11-19 16:20:08','1984-04-17 09:08:16','2021-03-14 22:55:31'),(82,66,3,'1974-11-06 09:08:45','1982-02-13 06:53:33','1980-07-24 15:08:27','2021-03-14 22:55:31'),(83,31,3,'2015-05-05 18:54:07','2018-11-11 00:02:59','2006-03-10 09:05:16','2021-03-14 22:55:37'),(84,42,1,'2008-09-23 17:23:43','2016-12-31 18:01:07','2009-11-23 22:41:25','2021-03-14 22:55:37'),(85,94,3,'1996-08-12 01:01:42','1980-07-11 13:42:58','1989-03-15 06:01:35','2021-03-14 22:55:31'),(86,49,3,'1987-10-21 04:24:16','2003-12-06 10:58:26','2005-01-05 20:51:21','2021-03-14 22:55:37'),(87,59,3,'1990-06-27 08:45:44','1999-04-14 22:46:38','2001-08-03 20:27:32','2021-03-14 22:55:31'),(88,100,3,'2003-05-29 21:48:33','1996-07-22 19:52:30','2016-01-16 02:31:17','2021-03-14 22:55:37'),(89,45,1,'2003-12-04 05:43:37','1989-10-03 13:12:57','2001-01-10 14:19:44','2021-03-14 22:55:37'),(90,83,3,'1976-02-29 20:42:55','1991-10-11 11:30:27','2018-09-15 12:05:52','2021-03-14 22:55:31'),(91,98,3,'1987-05-24 06:22:43','1990-09-30 16:19:23','2019-01-29 00:14:54','2021-03-14 22:55:37'),(92,58,2,'1993-08-22 18:29:31','1987-05-30 12:27:52','2008-11-01 06:36:12','2021-03-14 22:55:31'),(93,100,3,'1995-01-27 01:49:56','2007-04-14 14:41:37','1976-12-01 19:23:38','2021-03-14 22:55:37'),(94,49,3,'2011-02-15 12:15:46','1998-06-06 21:39:55','2003-11-28 20:39:04','2021-03-14 22:55:37'),(95,56,3,'1982-07-05 22:57:57','2000-09-01 05:07:08','2006-06-09 20:29:02','2021-03-14 22:55:37'),(96,20,3,'2005-06-08 04:56:49','1978-11-22 21:46:57','1986-12-04 11:19:35','2021-03-14 22:55:37'),(97,28,3,'1972-10-01 19:57:41','1996-11-27 23:21:55','2000-01-25 05:36:21','2021-03-14 22:55:31'),(98,95,2,'2015-04-03 20:21:26','1980-09-23 19:23:05','1998-11-02 02:14:21','2021-03-14 22:55:31'),(99,48,2,'2010-03-15 18:04:24','1999-08-11 11:06:43','1972-01-26 22:19:33','2021-03-14 22:55:37'),(100,68,3,'2013-01-05 03:06:57','2017-01-24 05:07:17','2006-01-31 15:03:18','2021-03-14 22:55:37');
/*!40000 ALTER TABLE `friendship` ENABLE KEYS */;
UNLOCK TABLES;

--
-- Table structure for table `friendship_statuses`
--

DROP TABLE IF EXISTS `friendship_statuses`;
/*!40101 SET @saved_cs_client     = @@character_set_client */;
/*!50503 SET character_set_client = utf8mb4 */;
CREATE TABLE `friendship_statuses` (
  `id` int unsigned NOT NULL AUTO_INCREMENT COMMENT 'Идентификатор строки',
  `name` varchar(150) CHARACTER SET utf8mb4 COLLATE utf8mb4_unicode_ci NOT NULL COMMENT 'Название статуса',
  `created_at` datetime DEFAULT CURRENT_TIMESTAMP COMMENT 'Время создания строки',
  `updated_at` datetime DEFAULT CURRENT_TIMESTAMP ON UPDATE CURRENT_TIMESTAMP COMMENT 'Время обновления строки',
  PRIMARY KEY (`id`),
  UNIQUE KEY `name` (`name`)
) ENGINE=InnoDB AUTO_INCREMENT=4 DEFAULT CHARSET=utf8mb4 COLLATE=utf8mb4_unicode_ci COMMENT='Статусы дружбы';
/*!40101 SET character_set_client = @saved_cs_client */;

--
-- Dumping data for table `friendship_statuses`
--

LOCK TABLES `friendship_statuses` WRITE;
/*!40000 ALTER TABLE `friendship_statuses` DISABLE KEYS */;
INSERT INTO `friendship_statuses` VALUES (1,'Requested','2021-03-14 22:53:08','2021-03-14 22:53:08'),(2,'Approved','2021-03-14 22:53:08','2021-03-14 22:53:08'),(3,'Declined','2021-03-14 22:53:08','2021-03-14 22:53:08');
/*!40000 ALTER TABLE `friendship_statuses` ENABLE KEYS */;
UNLOCK TABLES;

--
-- Table structure for table `gender`
--

DROP TABLE IF EXISTS `gender`;
/*!40101 SET @saved_cs_client     = @@character_set_client */;
/*!50503 SET character_set_client = utf8mb4 */;
CREATE TABLE `gender` (
  `id` int unsigned NOT NULL AUTO_INCREMENT COMMENT 'Идентификатор строки',
  `gender` varchar(25) DEFAULT NULL COMMENT 'Название пола',
  `gender_info` varchar(150) DEFAULT NULL COMMENT 'Информация о поле',
  `created_at` datetime DEFAULT CURRENT_TIMESTAMP COMMENT 'Время создания строки',
  `updated_at` datetime DEFAULT CURRENT_TIMESTAMP ON UPDATE CURRENT_TIMESTAMP COMMENT 'Время обновления строки',
  PRIMARY KEY (`id`)
) ENGINE=InnoDB AUTO_INCREMENT=3 DEFAULT CHARSET=utf8mb4 COLLATE=utf8mb4_0900_ai_ci COMMENT='Варианты полов';
/*!40101 SET character_set_client = @saved_cs_client */;

--
-- Dumping data for table `gender`
--

LOCK TABLES `gender` WRITE;
/*!40000 ALTER TABLE `gender` DISABLE KEYS */;
INSERT INTO `gender` VALUES (1,'M','Male','2021-03-14 22:29:37','2021-03-14 22:29:37'),(2,'F','Female','2021-03-14 22:29:37','2021-03-14 22:29:37');
/*!40000 ALTER TABLE `gender` ENABLE KEYS */;
UNLOCK TABLES;

--
-- Table structure for table `media`
--

DROP TABLE IF EXISTS `media`;
/*!40101 SET @saved_cs_client     = @@character_set_client */;
/*!50503 SET character_set_client = utf8mb4 */;
CREATE TABLE `media` (
  `id` int unsigned NOT NULL AUTO_INCREMENT COMMENT 'Идентификатор строки',
  `user_id` int unsigned NOT NULL COMMENT 'Ссылка на пользователя, который загрузил файл',
  `filename` varchar(255) CHARACTER SET utf8mb4 COLLATE utf8mb4_unicode_ci NOT NULL COMMENT 'Путь к файлу',
  `size` int NOT NULL COMMENT 'Размер файла',
  `metadata` longtext CHARACTER SET utf8mb4 COLLATE utf8mb4_bin COMMENT 'Метаданные файла',
  `media_type_id` int unsigned NOT NULL COMMENT 'Ссылка на тип контента',
  `created_at` datetime DEFAULT CURRENT_TIMESTAMP COMMENT 'Время создания строки',
  `updated_at` datetime DEFAULT CURRENT_TIMESTAMP ON UPDATE CURRENT_TIMESTAMP COMMENT 'Время обновления строки',
  PRIMARY KEY (`id`),
  CONSTRAINT `media_chk_1` CHECK (json_valid(`metadata`))
) ENGINE=InnoDB AUTO_INCREMENT=101 DEFAULT CHARSET=utf8mb4 COLLATE=utf8mb4_unicode_ci COMMENT='Медиафайлы';
/*!40101 SET character_set_client = @saved_cs_client */;

--
-- Dumping data for table `media`
--

LOCK TABLES `media` WRITE;
/*!40000 ALTER TABLE `media` DISABLE KEYS */;
INSERT INTO `media` VALUES (1,1,'atque',252918439,NULL,2,'1974-04-26 04:22:00','2021-03-14 23:09:25'),(2,2,'qui',0,NULL,3,'2002-12-17 00:45:44','2021-03-14 23:09:25'),(3,3,'ad',99572799,NULL,1,'1984-07-30 18:46:26','2021-03-14 23:09:25'),(4,4,'fugiat',9983473,NULL,1,'1974-06-28 03:34:44','2021-03-14 23:09:25'),(5,5,'excepturi',7,NULL,1,'2006-07-23 20:51:13','2021-03-14 23:09:25'),(6,6,'eaque',29489,NULL,3,'1972-11-19 23:36:04','2021-03-14 23:09:25'),(7,7,'omnis',3,NULL,3,'1972-09-14 20:42:34','2021-03-14 23:09:25'),(8,8,'in',0,NULL,2,'1987-09-07 02:36:46','2021-03-14 23:09:25'),(9,9,'modi',625322,NULL,2,'1990-11-23 06:25:41','2021-03-14 23:09:25'),(10,10,'incidunt',860313,NULL,1,'2010-04-22 11:29:36','2021-03-14 23:09:25'),(11,11,'quia',3,NULL,3,'1994-01-24 00:33:23','2021-03-14 23:09:25'),(12,12,'doloremque',32517123,NULL,2,'1995-08-26 16:28:48','2021-03-14 23:09:25'),(13,13,'sint',56,NULL,1,'1988-01-08 09:42:37','2021-03-14 23:09:25'),(14,14,'omnis',206467,NULL,3,'1980-01-26 10:36:50','2021-03-14 23:09:25'),(15,15,'cumque',32,NULL,2,'1973-10-04 01:47:35','2021-03-14 23:09:25'),(16,16,'sint',7876,NULL,3,'1977-03-29 16:43:47','2021-03-14 23:09:25'),(17,17,'quisquam',372837,NULL,1,'2011-08-21 15:45:06','2021-03-14 23:09:25'),(18,18,'magni',146394,NULL,1,'1996-04-27 04:47:00','2021-03-14 23:09:25'),(19,19,'facilis',364055938,NULL,3,'1984-10-30 15:31:55','2021-03-14 23:09:25'),(20,20,'aut',7,NULL,1,'1971-12-05 15:53:45','2021-03-14 23:09:25'),(21,21,'blanditiis',403846779,NULL,3,'2005-08-10 11:14:27','2021-03-14 23:09:25'),(22,22,'facilis',18,NULL,2,'1976-10-01 19:30:24','2021-03-14 23:09:25'),(23,23,'reprehenderit',405,NULL,2,'1980-07-24 12:54:07','2021-03-14 23:09:25'),(24,24,'alias',958,NULL,2,'1998-06-17 22:31:10','2021-03-14 23:09:25'),(25,25,'perspiciatis',1336,NULL,1,'1990-09-05 00:32:47','2021-03-14 23:09:25'),(26,26,'ipsa',47798358,NULL,3,'1989-01-21 20:20:27','2021-03-14 23:09:25'),(27,27,'sint',98164,NULL,3,'1978-06-22 04:35:54','2021-03-14 23:09:25'),(28,28,'neque',33,NULL,2,'2011-10-28 22:09:43','2021-03-14 23:09:25'),(29,29,'cumque',5196979,NULL,3,'1985-06-14 01:21:57','2021-03-14 23:09:25'),(30,30,'ea',149074,NULL,2,'2017-04-30 14:56:58','2021-03-14 23:09:25'),(31,31,'laboriosam',93416,NULL,2,'1980-06-18 20:23:04','2021-03-14 23:09:25'),(32,32,'non',6558,NULL,1,'1997-02-05 09:09:43','2021-03-14 23:09:25'),(33,33,'odio',59600322,NULL,3,'2010-08-14 20:00:39','2021-03-14 23:09:25'),(34,34,'veniam',72075,NULL,2,'2005-12-01 18:44:12','2021-03-14 23:09:25'),(35,35,'dicta',7,NULL,1,'1985-10-11 14:25:15','2021-03-14 23:09:25'),(36,36,'quia',79002064,NULL,1,'2000-11-13 08:38:07','2021-03-14 23:09:25'),(37,37,'minima',76997,NULL,2,'1982-09-17 16:02:30','2021-03-14 23:09:25'),(38,38,'qui',0,NULL,3,'1994-05-02 07:18:03','2021-03-14 23:09:25'),(39,39,'quia',316,NULL,2,'2009-05-17 19:45:50','2021-03-14 23:09:25'),(40,40,'voluptatum',27443929,NULL,1,'2017-12-28 08:03:09','2021-03-14 23:09:25'),(41,41,'sint',250633822,NULL,3,'1975-09-07 07:32:47','2021-03-14 23:09:25'),(42,42,'provident',608956553,NULL,3,'2005-11-11 05:49:33','2021-03-14 23:09:25'),(43,43,'voluptas',350894,NULL,2,'2005-04-25 09:41:52','2021-03-14 23:09:25'),(44,44,'labore',29306229,NULL,2,'1999-09-19 08:28:32','2021-03-14 23:09:25'),(45,45,'laboriosam',5014,NULL,2,'1996-05-19 01:00:05','2021-03-14 23:09:25'),(46,46,'dolore',0,NULL,1,'1986-08-08 18:21:07','2021-03-14 23:09:25'),(47,47,'sunt',74863768,NULL,2,'1972-08-20 09:39:21','2021-03-14 23:09:25'),(48,48,'illo',279836,NULL,3,'2010-07-25 19:08:20','2021-03-14 23:09:25'),(49,49,'voluptatum',4,NULL,1,'2000-07-28 10:54:45','2021-03-14 23:09:25'),(50,50,'pariatur',5,NULL,3,'1979-01-19 04:52:33','2021-03-14 23:09:25'),(51,51,'deserunt',29718898,NULL,3,'2000-02-08 16:05:37','2021-03-14 23:09:25'),(52,52,'tempore',192378,NULL,3,'1986-12-08 00:57:29','2021-03-14 23:09:25'),(53,53,'temporibus',2560218,NULL,1,'2000-01-11 06:06:03','2021-03-14 23:09:25'),(54,54,'magnam',35797065,NULL,1,'2008-04-13 04:13:45','2021-03-14 23:09:25'),(55,55,'delectus',815,NULL,3,'1990-12-17 23:45:20','2021-03-14 23:09:25'),(56,56,'aut',7,NULL,1,'2004-05-22 07:17:16','2021-03-14 23:09:25'),(57,57,'est',0,NULL,2,'2013-12-01 16:47:46','2021-03-14 23:09:25'),(58,58,'voluptates',121794745,NULL,2,'2008-07-31 22:15:58','2021-03-14 23:09:25'),(59,59,'blanditiis',44,NULL,2,'2020-08-09 17:33:24','2021-03-14 23:09:25'),(60,60,'dolorem',34,NULL,3,'1978-02-01 19:33:40','2021-03-14 23:09:25'),(61,61,'voluptatem',0,NULL,1,'1982-08-28 01:55:09','2021-03-14 23:09:25'),(62,62,'iure',834267157,NULL,2,'1974-07-12 23:48:12','2021-03-14 23:09:25'),(63,63,'et',65,NULL,1,'2000-01-07 09:44:07','2021-03-14 23:09:25'),(64,64,'voluptas',1,NULL,2,'1978-05-10 21:35:31','2021-03-14 23:09:25'),(65,65,'ex',0,NULL,2,'1989-04-20 20:37:36','2021-03-14 23:09:25'),(66,66,'beatae',18,NULL,2,'1998-06-12 23:48:06','2021-03-14 23:09:25'),(67,67,'dolores',60367,NULL,3,'2000-01-27 06:22:31','2021-03-14 23:09:25'),(68,68,'ab',643948549,NULL,3,'2011-05-09 17:33:19','2021-03-14 23:09:25'),(69,69,'ut',320,NULL,3,'1982-04-11 15:00:26','2021-03-14 23:09:25'),(70,70,'qui',116,NULL,2,'1978-09-18 09:26:12','2021-03-14 23:09:25'),(71,71,'tempore',88593175,NULL,1,'1999-03-25 03:43:56','2021-03-14 23:09:25'),(72,72,'sit',84,NULL,2,'1987-01-26 17:26:07','2021-03-14 23:09:25'),(73,73,'qui',5,NULL,2,'2008-07-21 03:24:20','2021-03-14 23:09:25'),(74,74,'laudantium',0,NULL,1,'1974-10-29 12:05:01','2021-03-14 23:09:25'),(75,75,'cupiditate',8,NULL,1,'1995-10-05 05:47:24','2021-03-14 23:09:25'),(76,76,'vitae',2225176,NULL,1,'1978-07-09 17:07:43','2021-03-14 23:09:25'),(77,77,'facere',330,NULL,3,'1984-07-06 08:07:43','2021-03-14 23:09:25'),(78,78,'harum',34,NULL,3,'2017-03-04 18:26:39','2021-03-14 23:09:25'),(79,79,'libero',1,NULL,2,'1985-06-23 21:32:46','2021-03-14 23:09:25'),(80,80,'asperiores',85,NULL,3,'1973-12-06 14:31:34','2021-03-14 23:09:25'),(81,81,'laboriosam',8,NULL,1,'1977-12-14 04:02:45','2021-03-14 23:09:25'),(82,82,'sit',51122741,NULL,1,'1992-08-03 22:54:16','2021-03-14 23:09:25'),(83,83,'aut',8581137,NULL,3,'2016-03-16 06:25:01','2021-03-14 23:09:25'),(84,84,'harum',7,NULL,2,'2014-08-02 16:04:31','2021-03-14 23:09:25'),(85,85,'corrupti',9,NULL,1,'1982-12-14 10:02:44','2021-03-14 23:09:25'),(86,86,'sint',2,NULL,1,'2012-01-10 10:54:06','2021-03-14 23:09:25'),(87,87,'enim',8,NULL,3,'2017-05-12 15:39:16','2021-03-14 23:09:25'),(88,88,'quibusdam',74495098,NULL,2,'2012-09-21 09:33:49','2021-03-14 23:09:25'),(89,89,'aliquid',36,NULL,1,'2015-12-22 16:17:24','2021-03-14 23:09:25'),(90,90,'accusantium',290,NULL,3,'1971-06-15 11:34:41','2021-03-14 23:09:25'),(91,91,'vitae',39571765,NULL,1,'1973-01-15 12:29:26','2021-03-14 23:09:25'),(92,92,'debitis',5653,NULL,3,'2014-07-05 11:29:39','2021-03-14 23:09:25'),(93,93,'inventore',85191,NULL,1,'2000-09-21 16:04:35','2021-03-14 23:09:25'),(94,94,'eius',7956032,NULL,3,'1986-02-23 01:25:35','2021-03-14 23:09:25'),(95,95,'delectus',0,NULL,1,'1983-06-11 15:44:23','2021-03-14 23:09:25'),(96,96,'omnis',561082048,NULL,2,'1990-05-28 17:51:01','2021-03-14 23:09:25'),(97,97,'et',575,NULL,2,'1987-03-16 06:16:19','2021-03-14 23:09:25'),(98,98,'voluptas',132,NULL,2,'1989-04-05 06:42:17','2021-03-14 23:09:25'),(99,99,'consequuntur',8,NULL,3,'2016-12-04 07:35:23','2021-03-14 23:09:25'),(100,100,'numquam',561,NULL,3,'1995-09-20 02:53:51','2021-03-14 23:09:25');
/*!40000 ALTER TABLE `media` ENABLE KEYS */;
UNLOCK TABLES;

--
-- Table structure for table `media_types`
--

DROP TABLE IF EXISTS `media_types`;
/*!40101 SET @saved_cs_client     = @@character_set_client */;
/*!50503 SET character_set_client = utf8mb4 */;
CREATE TABLE `media_types` (
  `id` int unsigned NOT NULL AUTO_INCREMENT COMMENT 'Идентификатор строки',
  `name` varchar(255) CHARACTER SET utf8mb4 COLLATE utf8mb4_unicode_ci NOT NULL COMMENT 'Название типа',
  `created_at` datetime DEFAULT CURRENT_TIMESTAMP COMMENT 'Время создания строки',
  `updated_at` datetime DEFAULT CURRENT_TIMESTAMP ON UPDATE CURRENT_TIMESTAMP COMMENT 'Время обновления строки',
  PRIMARY KEY (`id`),
  UNIQUE KEY `name` (`name`)
) ENGINE=InnoDB AUTO_INCREMENT=4 DEFAULT CHARSET=utf8mb4 COLLATE=utf8mb4_unicode_ci COMMENT='Типы медиафайлов';
/*!40101 SET character_set_client = @saved_cs_client */;

--
-- Dumping data for table `media_types`
--

LOCK TABLES `media_types` WRITE;
/*!40000 ALTER TABLE `media_types` DISABLE KEYS */;
INSERT INTO `media_types` VALUES (1,'Image','2021-03-14 22:53:14','2021-03-14 22:53:14'),(2,'Video','2021-03-14 22:53:14','2021-03-14 22:53:14'),(3,'Audio','2021-03-14 22:53:14','2021-03-14 22:53:14');
/*!40000 ALTER TABLE `media_types` ENABLE KEYS */;
UNLOCK TABLES;

--
-- Table structure for table `messages`
--

DROP TABLE IF EXISTS `messages`;
/*!40101 SET @saved_cs_client     = @@character_set_client */;
/*!50503 SET character_set_client = utf8mb4 */;
CREATE TABLE `messages` (
  `id` int unsigned NOT NULL AUTO_INCREMENT COMMENT 'Идентификатор строки',
  `from_user_id` int unsigned NOT NULL COMMENT 'Ссылка на отправителя сообщения',
  `to_user_id` int unsigned NOT NULL COMMENT 'Ссылка на получателя сообщения',
  `body` text CHARACTER SET utf8mb4 COLLATE utf8mb4_unicode_ci NOT NULL COMMENT 'Текст сообщения',
  `is_important` tinyint(1) DEFAULT NULL COMMENT 'Признак важности',
  `is_delivered` tinyint(1) DEFAULT NULL COMMENT 'Признак доставки',
  `is_read` tinyint(1) DEFAULT NULL COMMENT 'Признак прочтения',
  `created_at` datetime DEFAULT CURRENT_TIMESTAMP COMMENT 'Время создания строки',
  `updated_at` datetime DEFAULT CURRENT_TIMESTAMP ON UPDATE CURRENT_TIMESTAMP COMMENT 'Время обновления строки',
  PRIMARY KEY (`id`)
) ENGINE=InnoDB AUTO_INCREMENT=101 DEFAULT CHARSET=utf8mb4 COLLATE=utf8mb4_unicode_ci COMMENT='Сообщения';
/*!40101 SET character_set_client = @saved_cs_client */;

--
-- Dumping data for table `messages`
--

LOCK TABLES `messages` WRITE;
/*!40000 ALTER TABLE `messages` DISABLE KEYS */;
INSERT INTO `messages` VALUES (1,1,4,'Repellat iure ipsum nemo voluptas sit recusandae. Est dolore deleniti non est.',1,0,NULL,'1970-05-08 17:20:09','2021-03-14 23:15:42'),(2,2,94,'Ut atque qui sit recusandae deleniti pariatur quo ut. Laudantium quis odit deleniti quod cum necessitatibus sed. Aliquam commodi dolor eligendi iusto voluptatem. Nemo dolorem quo iste sed.',1,0,NULL,'1980-11-23 11:37:54','2021-03-14 23:15:42'),(3,3,25,'Quis minima rerum debitis. Consequatur minus quaerat eaque qui. Quaerat sed voluptas voluptatem consequuntur.',0,1,1,'1993-02-23 03:20:23','2021-03-14 23:15:42'),(4,4,61,'Ea debitis eum incidunt. Aut temporibus deleniti quae animi laudantium saepe. Quas illum id qui est.',1,1,0,'2011-07-01 13:48:35','2021-03-14 23:15:42'),(5,5,2,'Dolor asperiores iure odio mollitia. Eos et sit aliquam. Et doloribus dolorem neque rerum. Porro similique commodi qui fuga.',0,0,NULL,'1994-07-17 16:25:44','2021-03-14 23:15:42'),(6,6,38,'Quae aut impedit aut quis est quis. Est consequuntur sunt accusantium. Omnis beatae maiores provident nobis quidem voluptates numquam perspiciatis.',0,0,NULL,'1993-02-27 02:48:19','2021-03-14 23:15:42'),(7,7,33,'Quod repellat inventore maiores distinctio est aut ullam. Quisquam nobis deserunt nihil rem error facere ex. Cumque ut in omnis aut commodi tempora eligendi et.',1,1,0,'1992-11-18 08:42:40','2021-03-14 23:15:42'),(8,8,21,'Reiciendis ipsam impedit iure et. Animi ut quo dolores. Accusantium sit eius laborum.',0,0,NULL,'2004-04-12 07:46:06','2021-03-14 23:15:42'),(9,9,75,'Quis tempore labore dolorem facere tenetur. Veritatis ut illum sint ut vel. Aut voluptas aut aperiam quo. Nihil nemo earum debitis et fugit.',1,0,NULL,'1983-01-13 10:53:26','2021-03-14 23:15:42'),(10,10,16,'Odio et enim placeat. Fugit earum maiores ea consectetur sint qui veniam. Sed nulla voluptatibus sequi qui aut. Nihil optio dolorem voluptatum at.',0,1,1,'2009-02-08 19:16:18','2021-03-14 23:15:42'),(11,11,73,'Quos voluptate mollitia sed odit non. Nemo velit omnis reiciendis vel ullam doloribus omnis. Minima ipsam tempora expedita.',1,1,0,'1992-09-24 16:59:03','2021-03-14 23:15:42'),(12,12,32,'Laborum quo nostrum ex sed. Est accusantium dicta voluptate enim voluptatem dolor.',0,0,NULL,'2007-08-06 19:06:20','2021-03-14 23:15:42'),(13,13,22,'Aut suscipit itaque quis unde et autem. Quis totam aut et dicta debitis veniam ullam. Ipsam iure et excepturi qui voluptas. Ut ratione porro quidem exercitationem rerum nesciunt.',1,0,NULL,'2016-11-21 09:19:40','2021-03-14 23:15:42'),(14,14,26,'Mollitia omnis voluptas et neque. Veritatis cum incidunt omnis molestiae in sed vitae. Iure quis et repudiandae consequatur.',0,0,NULL,'1975-04-05 23:28:48','2021-03-14 23:15:42'),(15,15,52,'Pariatur ex quas cum rerum. Est id placeat nostrum quaerat omnis et incidunt. Et quasi minus officia. Culpa rerum assumenda ad iste.',0,0,NULL,'1973-02-27 17:38:22','2021-03-14 23:15:42'),(16,16,3,'Occaecati repellat quam numquam perspiciatis perspiciatis voluptatem. Porro aut non quod sapiente a officiis. Sequi omnis consequatur aliquid odio quaerat similique totam dolores. Aliquam repellat atque consequatur aut.',0,1,0,'1998-02-03 03:50:15','2021-03-14 23:15:42'),(17,17,90,'Aliquid libero non voluptatem perferendis exercitationem qui. Aut quae porro voluptatem inventore. Dolorem non et ut magnam. Consequatur non non ipsam velit sit debitis temporibus et.',1,0,NULL,'1987-02-22 18:49:04','2021-03-14 23:15:42'),(18,18,80,'Excepturi nam iure magnam in et magnam. Provident suscipit dolores aut dignissimos voluptas aspernatur qui. Perspiciatis voluptatem doloribus odit perferendis deleniti. Doloremque ipsum veniam occaecati quaerat et quae quo.',1,0,NULL,'2006-04-24 15:03:30','2021-03-14 23:15:42'),(19,19,5,'Quis voluptates magnam voluptates ducimus est. Aut ad velit sed et animi. Quibusdam id unde omnis amet quam sint alias.',1,0,NULL,'2010-01-14 08:48:20','2021-03-14 23:15:42'),(20,20,64,'Et enim voluptatem et. Nihil ut sint maiores quidem. Doloremque aut quod adipisci aut.',0,1,0,'2005-07-02 02:15:56','2021-03-14 23:15:42'),(21,21,18,'Et occaecati necessitatibus cum nisi omnis similique impedit. Maiores repellendus quia non repellat quia mollitia.',1,1,0,'1991-07-13 00:08:50','2021-03-14 23:15:42'),(22,22,93,'Aut quibusdam consectetur vel dolores magni autem accusantium. Quos dolor voluptatem quod. Est totam aspernatur non vero aperiam.',0,0,NULL,'2019-09-24 03:39:15','2021-03-14 23:15:42'),(23,23,53,'Eum non dolores accusantium recusandae. Iste eveniet laborum beatae molestiae veritatis cupiditate. Quas id occaecati minima doloribus quidem non perspiciatis voluptas.',0,0,NULL,'2021-01-02 04:37:22','2021-03-14 23:15:42'),(24,24,97,'Dolores minima quam reiciendis ut est eveniet. Et explicabo qui error ut. Molestiae aperiam sequi esse corporis. Nesciunt dolor aut quia voluptatem enim sint. Quos quis non quam et aut ea hic libero.',0,1,1,'1992-12-09 23:24:24','2021-03-14 23:15:42'),(25,25,47,'Quaerat quos recusandae est esse. Asperiores est sint rem sint rerum est. Quo unde inventore et quia eos et eos assumenda. Occaecati et excepturi perspiciatis quia omnis ex dignissimos.',1,0,NULL,'1980-09-26 23:50:49','2021-03-14 23:15:42'),(26,26,27,'Ad provident in ut sapiente quisquam. Sunt sint autem sit itaque a. Voluptatum vel alias a nam aliquam ab enim beatae.',0,0,NULL,'1972-07-10 17:20:34','2021-03-14 23:15:42'),(27,27,31,'Sed maxime sint fugiat provident laudantium. Excepturi corrupti voluptas voluptate. Quae quo doloribus sunt iste hic alias.',1,1,0,'1982-12-17 21:09:46','2021-03-14 23:15:42'),(28,28,62,'Vero at quas voluptatem ut qui et. Ducimus blanditiis explicabo quod error consequatur. Facere rem rem ab vero aut dolorem enim est.',0,1,1,'1986-07-30 07:30:51','2021-03-14 23:15:42'),(29,29,41,'Saepe aut omnis consequatur qui porro iure quibusdam. Est fugiat quaerat quo porro perspiciatis harum recusandae. Ut adipisci enim voluptas maxime in.',1,0,NULL,'1979-07-21 14:48:37','2021-03-14 22:55:48'),(30,30,90,'Fuga iure sapiente fuga commodi et quaerat. Et id debitis aut et dolor et consectetur. Esse adipisci sed eum sint dolor corporis pariatur. Laudantium id qui ut aut praesentium id sit repellat.',1,1,0,'2001-12-04 09:51:42','2021-03-14 23:15:42'),(31,31,57,'Enim quia atque voluptatem molestiae perspiciatis. Ut accusantium facere magnam autem id illo. Aut itaque sunt veritatis numquam accusamus inventore.',1,1,1,'2009-04-01 08:13:09','2021-03-14 23:15:42'),(32,32,75,'Velit magni suscipit et facere et. Et voluptas deserunt officiis voluptatem. Quaerat voluptatem voluptas ut veniam perferendis. Deleniti dignissimos fugit excepturi est numquam. Veritatis incidunt aut vitae.',0,0,NULL,'1974-09-05 08:20:50','2021-03-14 23:15:42'),(33,33,77,'Quo et quia illum aliquam et eos. Eos praesentium quo in beatae. Sed voluptatum vitae dignissimos.',0,0,NULL,'1976-03-21 11:02:25','2021-03-14 23:15:42'),(34,34,23,'Error nam nulla quaerat ducimus. Reprehenderit sit fugiat sit voluptatem exercitationem dolores ducimus. Autem voluptates et laboriosam vel nihil.',0,0,NULL,'1984-10-13 14:22:49','2021-03-14 23:15:42'),(35,35,36,'Nihil odio dolorem deleniti vel sint. Quia repellat delectus sunt aperiam quos in. Architecto repudiandae iste eius alias delectus in.',0,0,NULL,'2016-04-10 03:22:29','2021-03-14 23:15:42'),(36,36,43,'Praesentium porro dolor beatae repudiandae omnis. Esse dolores ad repudiandae qui. Aliquam doloribus laboriosam at assumenda.',1,0,NULL,'1972-02-07 17:40:15','2021-03-14 23:15:42'),(37,37,65,'Consequatur nihil repellat illo est at earum voluptas. Voluptas odit possimus consectetur nostrum facere. Sint voluptatem non molestias.',0,0,NULL,'1993-06-10 22:50:50','2021-03-14 23:15:42'),(38,38,25,'Magni voluptatum omnis officiis nostrum. Blanditiis quas ea beatae rerum est vitae qui voluptatibus. Quasi veniam nihil aut unde recusandae.',0,0,NULL,'1983-03-03 21:36:39','2021-03-14 23:15:42'),(39,39,80,'Id voluptates rerum aperiam mollitia labore et aut. Unde aspernatur suscipit consectetur deleniti non. Impedit praesentium voluptatem vel voluptas quis.',1,1,0,'2008-10-25 20:50:19','2021-03-14 23:15:42'),(40,40,1,'Omnis non et dolores est accusantium molestiae sunt placeat. Aut qui facere aut quos. Iure odio alias natus quaerat. Odio animi ut aut dolorem ut.',1,0,NULL,'1993-05-13 23:03:44','2021-03-14 23:15:42'),(41,41,79,'Beatae nostrum ea sapiente incidunt ex enim. Fugit voluptatum qui recusandae illo aliquam occaecati est. Repellendus distinctio ea soluta et. Sunt dignissimos cumque non est voluptatem qui.',1,0,NULL,'1998-11-06 06:52:11','2021-03-14 23:15:42'),(42,42,52,'Sed ea beatae saepe illum adipisci. Laborum in tempore dicta sit. Pariatur sed rerum atque sequi et maxime totam. Molestiae et aut dolores dignissimos.',0,1,1,'2006-03-08 09:55:07','2021-03-14 23:15:42'),(43,43,85,'Enim corporis quia soluta dicta. Nisi dolorum quisquam voluptatem. Deserunt vitae voluptas laboriosam consequatur aliquam.',0,1,0,'2001-12-16 15:54:14','2021-03-14 23:15:42'),(44,44,80,'Eum pariatur in impedit fugit ex placeat. Quia sed rerum quos labore molestiae. Et ex quia occaecati deserunt fugiat placeat sit voluptatem. Eum iusto itaque ut commodi ut dolorem sit rerum. Quo cum quo laboriosam qui autem.',0,1,1,'1996-10-27 09:21:57','2021-03-14 23:15:42'),(45,45,10,'Ut et et doloribus voluptas architecto. Sit blanditiis et repellendus hic enim a dolores eaque. Perferendis labore quos voluptatem ut et.',1,1,1,'1987-12-29 10:15:54','2021-03-14 23:15:42'),(46,46,44,'Autem nam qui fugiat quia alias et aliquid aut. Quisquam aut inventore ipsum quaerat architecto.',1,1,1,'1979-07-09 03:30:17','2021-03-14 23:15:42'),(47,47,45,'Fuga saepe aut sunt placeat repudiandae non quidem. Enim hic eius vel eveniet voluptatem. In aliquam quaerat eos rerum. Explicabo sapiente sequi voluptatem sint illum.',1,1,0,'1977-07-07 04:10:12','2021-03-14 23:15:42'),(48,48,62,'Quia est sit laboriosam. Ratione quos vitae est id maiores et eius. Doloremque qui voluptatum autem iste reiciendis.',1,0,NULL,'2012-03-25 12:37:54','2021-03-14 23:15:42'),(49,49,7,'Nam velit velit ut dolore aut. Nisi officia optio minus ut ea quidem. Deserunt velit tempora et est nihil facilis.',1,1,0,'2015-07-08 20:44:35','2021-03-14 23:15:42'),(50,50,80,'Quia deserunt quisquam cumque ut dolores. Et sit voluptatem eum et. Odit esse sed qui sint. Enim molestias fugit tenetur neque blanditiis.',0,1,1,'1987-12-24 12:04:25','2021-03-14 23:15:42'),(51,51,50,'Aut omnis enim impedit ut illum maxime ratione. Ipsa debitis architecto corrupti minus facere. Debitis animi sed porro.',0,1,0,'2007-12-11 18:27:00','2021-03-14 23:15:42'),(52,52,70,'Omnis recusandae veniam est qui iusto corrupti. Quo porro laborum ipsum doloribus modi molestiae. Minus quaerat illum itaque quae quo et. Iure tenetur nostrum incidunt eius quidem. Nostrum repellat dolores rerum et consectetur quas corrupti.',1,1,0,'1987-09-29 22:13:58','2021-03-14 22:56:01'),(53,53,73,'Voluptate distinctio ipsum aliquid voluptatum molestiae. Officiis et sint praesentium eius possimus eveniet debitis beatae. Accusamus dolorum explicabo rerum itaque. Optio ea aliquam voluptatibus perferendis.',1,0,NULL,'2009-12-23 02:44:22','2021-03-14 23:15:42'),(54,54,93,'Ratione ducimus in delectus et quasi. Sint qui ea neque aliquid maxime dolorum voluptatem. Earum reprehenderit non laboriosam nostrum officia voluptates voluptates repellendus.',1,1,1,'2003-06-16 12:06:29','2021-03-14 23:15:42'),(55,55,20,'Eum quae error ut et necessitatibus. Ut doloremque rerum et quaerat perspiciatis sunt ipsa labore. Harum cum sit labore at sit assumenda. Et sequi aut asperiores quos autem.',1,0,NULL,'1979-09-30 07:03:37','2021-03-14 23:15:42'),(56,56,87,'Eos et voluptatem neque nisi et ut iure. Dolores aut quam quo ut quam fugit. Velit sint enim inventore consequatur et consectetur nihil.',0,0,NULL,'1980-07-24 04:21:49','2021-03-14 23:15:42'),(57,57,86,'Id aut in quidem quia et. Nam quae eaque culpa et qui error consequuntur. Omnis nihil quibusdam necessitatibus nisi quod harum enim. Est est ipsa sequi et rerum.',1,1,0,'2018-08-21 12:21:38','2021-03-14 23:15:42'),(58,58,68,'Rem dolorem vero facere magni distinctio. Quae mollitia enim dignissimos. Sed consequatur aperiam vel doloribus amet et. Ut voluptate et itaque. Fugit consequuntur iusto debitis voluptas minima.',1,0,NULL,'1987-05-04 08:20:22','2021-03-14 23:15:42'),(59,59,94,'Incidunt nulla et aspernatur sit. Eos est eaque maxime quisquam autem repellendus sit. Nostrum quidem soluta enim esse incidunt.',0,1,1,'2004-03-29 00:33:16','2021-03-14 23:15:42'),(60,60,56,'Repellendus corporis qui exercitationem est numquam distinctio. Et itaque nihil est in. Aut necessitatibus at cum ipsum reprehenderit et assumenda nulla.',0,1,1,'1989-10-12 16:10:29','2021-03-14 23:15:42'),(61,61,14,'Aliquam laborum aspernatur sunt. Qui cumque porro voluptatem est reprehenderit corrupti error. Vel qui enim aut.',1,0,NULL,'1987-05-02 03:48:47','2021-03-14 23:15:42'),(62,62,64,'Dolore qui officiis aut rerum consequatur consequatur. Eum consequatur rerum voluptatibus dolore sapiente ex. Unde doloribus soluta rerum praesentium. Est perspiciatis harum quo voluptatem aut.',1,0,NULL,'1990-09-20 10:07:24','2021-03-14 23:15:42'),(63,63,47,'Vel velit excepturi vero. Quos delectus facere sed est sequi sit.',0,1,1,'1975-01-07 13:32:36','2021-03-14 23:15:42'),(64,64,75,'Consequatur doloribus omnis reiciendis modi eum molestiae placeat. Repellendus optio et debitis aut autem sapiente sapiente. Id autem unde eum. Et omnis est suscipit dolore quidem voluptas.',1,0,NULL,'1977-08-11 04:00:09','2021-03-14 23:15:42'),(65,65,94,'Qui inventore vitae itaque possimus qui. Ut numquam maiores iure beatae aut voluptas. Ex vitae accusamus similique quasi et.',0,1,1,'1970-08-03 13:22:38','2021-03-14 23:15:42'),(66,66,9,'Eos tempore doloribus quibusdam voluptatum optio earum rerum. Eum illo porro laboriosam quia tenetur non maiores. Enim impedit deleniti est possimus consequuntur ipsum numquam. Voluptas suscipit iste enim dolorem distinctio.',0,1,1,'1991-05-03 19:34:10','2021-03-14 23:15:42'),(67,67,50,'Aperiam vel voluptatem quo quo. Consequatur occaecati sunt eligendi necessitatibus. Sequi aut molestiae ut possimus deleniti voluptatem aliquam.',0,1,0,'2020-11-25 21:11:07','2021-03-14 23:15:42'),(68,68,48,'Tenetur error ut non voluptatem dolore. Unde ut et sapiente earum.',1,0,NULL,'1983-12-15 10:18:40','2021-03-14 23:15:42'),(69,69,92,'Illum ipsum iusto vitae consequatur sit totam non. Dolores illum et quisquam saepe sed odio. Est velit voluptatem aut laboriosam aut qui voluptas.',1,0,NULL,'1992-05-27 20:18:34','2021-03-14 23:15:42'),(70,70,24,'Culpa blanditiis at eligendi. Quibusdam alias voluptatem quis corporis a repellendus. Voluptatem et ut repellendus veniam aliquid quo.',1,1,0,'2004-12-16 02:30:13','2021-03-14 23:15:42'),(71,71,47,'Ullam a sed accusamus nulla aut labore deserunt. Vitae ab fugit voluptatem consequuntur sit. Suscipit doloremque cum consequatur explicabo amet. Autem quo tenetur in deserunt quia in alias veniam.',0,1,0,'2014-11-30 05:10:08','2021-03-14 23:15:42'),(72,72,62,'Ex sequi laborum asperiores voluptates. Nam placeat ea sunt fuga optio. Omnis consequuntur in quia ipsum error error qui enim. Soluta saepe consequatur et odit magni sit. Voluptas aliquid aliquam nisi.',1,1,0,'2009-11-13 01:16:03','2021-03-14 23:15:42'),(73,73,9,'Sit quis libero qui. Eum aperiam quos nisi quaerat. Ut harum reprehenderit sed iste sed nobis.',0,0,NULL,'1983-08-08 07:23:56','2021-03-14 23:15:42'),(74,74,39,'Eveniet expedita voluptas quam nihil. Impedit error exercitationem repellat eveniet id repudiandae. Aliquam nesciunt vero maxime non.',1,0,NULL,'1986-01-23 00:35:40','2021-03-14 23:15:42'),(75,75,45,'Accusantium eos aperiam nisi a. Eos voluptas est est porro. Voluptates enim dolores ea et. Delectus delectus qui ut sit.',0,0,NULL,'1982-06-10 07:23:27','2021-03-14 23:15:42'),(76,76,79,'Mollitia nisi qui fugiat eum laborum ad alias. Quos modi sequi possimus laborum necessitatibus optio non. Consequatur tempora est quia ut cupiditate molestias iusto. Esse consequatur neque assumenda impedit.',0,0,NULL,'2006-02-17 14:27:23','2021-03-14 23:15:42'),(77,77,16,'Qui voluptatibus ab ab eveniet rerum qui. Est quis quos sed in saepe. Omnis soluta repudiandae dolores aut id sint. Praesentium impedit fugiat quia explicabo soluta. Quibusdam iusto ut et est deserunt dignissimos.',1,0,NULL,'1978-09-05 10:10:35','2021-03-14 23:15:42'),(78,78,33,'Non facere ipsa nam porro asperiores iste velit. Et laborum aut quo doloribus omnis. Quia voluptatibus perspiciatis enim tempore autem voluptatum.',1,1,0,'2018-11-13 14:17:40','2021-03-14 23:15:42'),(79,79,49,'Beatae quo aut id exercitationem necessitatibus excepturi. Vel sequi ipsum qui voluptatum quis est. Non sint non ipsam. Dolorem reprehenderit in laudantium sint omnis ducimus. Cum et iusto asperiores est.',1,0,NULL,'2001-02-20 13:45:58','2021-03-14 23:15:42'),(80,80,42,'Non rem qui deserunt exercitationem voluptatum et. Sequi cumque est sapiente reprehenderit in et. Sunt voluptate et porro exercitationem occaecati est.',1,0,NULL,'1985-03-21 08:37:08','2021-03-14 23:15:42'),(81,81,36,'Nam aut dolores veniam. Odio possimus quia eveniet odio. Nisi distinctio sint voluptate laboriosam sint.',0,1,0,'1978-06-24 12:55:23','2021-03-14 23:15:42'),(82,82,73,'Iusto commodi neque non quis quasi vero. Nulla voluptas id blanditiis nobis officia quod sed recusandae. Totam soluta voluptate animi.',0,0,NULL,'1982-04-20 16:14:16','2021-03-14 23:15:42'),(83,83,14,'Quaerat sunt hic autem aut beatae qui. Quo doloremque doloribus accusamus.',0,0,NULL,'2002-06-30 08:23:27','2021-03-14 23:15:42'),(84,84,88,'Ea ut exercitationem magnam natus excepturi et voluptatem. Et unde numquam officiis accusantium. Vitae nam asperiores nobis dignissimos non modi molestias.',0,0,NULL,'1999-03-13 14:35:54','2021-03-14 23:15:42'),(85,85,14,'Numquam molestias ipsam quia est ut. Ad quisquam quia et sit. Harum ea sed neque qui voluptatem et saepe omnis.',1,0,NULL,'2001-02-18 21:06:49','2021-03-14 23:15:42'),(86,86,29,'Aut et quod voluptatem ipsam ut eveniet. Quasi culpa dolorem earum. Ab ea quia enim voluptatem labore dolorem. Minus sint voluptas saepe error incidunt.',1,0,NULL,'2009-02-14 23:58:31','2021-03-14 23:15:42'),(87,87,9,'Excepturi sapiente cumque minus exercitationem sunt laborum. Est velit voluptate reprehenderit magni. Possimus nostrum vitae corrupti et autem rerum.',1,1,0,'1981-11-27 23:05:39','2021-03-14 23:15:42'),(88,88,5,'Iste dolores rerum fugiat aut reiciendis. Magnam culpa veniam voluptatibus eaque officia eius.',1,0,NULL,'1998-05-26 01:45:25','2021-03-14 23:15:42'),(89,89,41,'Quia nemo qui libero ut dolor est. Non saepe dicta error itaque et deserunt pariatur ad. Quas asperiores nihil veritatis. Nisi id repellendus et est.',1,1,1,'2008-04-05 12:33:18','2021-03-14 23:15:42'),(90,90,27,'Dolores et in perspiciatis voluptatem nobis odio tenetur. Dolores qui facere et ab porro dignissimos modi.',1,0,NULL,'1981-10-07 21:24:03','2021-03-14 23:15:42'),(91,91,49,'Sint vitae repudiandae at aliquid quam numquam eum in. Qui magni rerum necessitatibus optio est non ipsum. Officia totam vitae accusamus autem ut iure voluptatum. Qui cum repudiandae explicabo amet.',1,1,1,'2004-07-30 12:14:04','2021-03-14 23:15:42'),(92,92,40,'Qui culpa voluptatem et aspernatur accusamus. Voluptas culpa qui occaecati sit. Maiores sint rerum nihil consequatur. Iure et voluptate repellendus dolores sunt et suscipit modi.',1,0,NULL,'1986-09-04 21:39:39','2021-03-14 23:15:42'),(93,93,53,'Officia sapiente at et facilis quam omnis veniam. Quia sit maiores saepe ipsa doloribus nemo repellat. Illo et sunt facilis impedit provident accusantium. Totam exercitationem eum dolor totam.',1,1,1,'1973-11-28 18:11:02','2021-03-14 23:15:42'),(94,94,3,'Eum mollitia voluptatum fugit reprehenderit dolor labore incidunt. Cupiditate cupiditate accusantium qui non voluptas numquam non consequatur. Architecto omnis id autem laudantium excepturi quam animi amet.',0,0,NULL,'1990-04-28 11:37:22','2021-03-14 23:15:42'),(95,95,82,'Ab sapiente iste quia ut non. Nihil enim tempore voluptatem voluptatem impedit. Mollitia non illum aspernatur et. Quia debitis ad at autem.',0,1,1,'2012-06-05 18:53:08','2021-03-14 23:15:42'),(96,96,5,'Perferendis at itaque perspiciatis aut voluptas sed eaque. Deleniti libero sunt natus voluptas qui harum recusandae maxime. Ut quasi consectetur harum reprehenderit suscipit animi dolorum.',1,0,NULL,'2004-01-22 13:48:54','2021-03-14 23:15:42'),(97,97,41,'Magni molestiae blanditiis aut qui corrupti autem. Minima dolor quia quaerat facere et. Itaque voluptas et cumque. Quas quis laudantium optio.',1,0,NULL,'2018-01-14 12:20:06','2021-03-14 23:15:42'),(98,98,100,'Odit voluptates est molestias voluptatem et. Non non explicabo exercitationem aliquid. Repudiandae dignissimos quisquam libero.',0,1,1,'1976-07-23 10:24:06','2021-03-14 23:15:42'),(99,99,41,'Aut eum eius non consequuntur facilis vel aut. Mollitia sunt aut nulla commodi reprehenderit molestiae sequi. Non optio et quia maiores cupiditate.',0,1,1,'2003-05-14 14:58:41','2021-03-14 23:15:42'),(100,100,79,'Eum exercitationem voluptas ullam nulla dolorem esse perspiciatis. Non itaque cum tenetur aut eveniet. Non aspernatur nihil delectus id dolorem eos.',1,0,NULL,'1988-12-03 14:45:01','2021-03-14 23:15:42');
/*!40000 ALTER TABLE `messages` ENABLE KEYS */;
UNLOCK TABLES;

--
-- Table structure for table `profiles`
--

DROP TABLE IF EXISTS `profiles`;
/*!40101 SET @saved_cs_client     = @@character_set_client */;
/*!50503 SET character_set_client = utf8mb4 */;
CREATE TABLE `profiles` (
  `user_id` int unsigned NOT NULL COMMENT 'Ссылка на пользователя',
  `first_name` varchar(100) COLLATE utf8mb4_unicode_ci NOT NULL COMMENT 'Имя пользователя',
  `last_name` varchar(100) COLLATE utf8mb4_unicode_ci NOT NULL COMMENT 'Фамилия пользователя',
  `patronymic_name` varchar(100) COLLATE utf8mb4_unicode_ci NOT NULL COMMENT 'Отчество пользователя',
  `gender_id` int unsigned DEFAULT NULL,
  `birthday` date DEFAULT NULL COMMENT 'Дата рождения',
  `photo_id` int unsigned DEFAULT NULL COMMENT 'Ссылка на основную фотографию пользователя',
  `user_status_id` int unsigned DEFAULT NULL,
  `city` varchar(130) CHARACTER SET utf8mb4 COLLATE utf8mb4_unicode_ci DEFAULT NULL COMMENT 'Город проживания',
  `country` varchar(130) CHARACTER SET utf8mb4 COLLATE utf8mb4_unicode_ci DEFAULT NULL COMMENT 'Страна проживания',
  `created_at` datetime DEFAULT CURRENT_TIMESTAMP COMMENT 'Время создания строки',
  `updated_at` datetime DEFAULT CURRENT_TIMESTAMP ON UPDATE CURRENT_TIMESTAMP COMMENT 'Время обновления строки',
  PRIMARY KEY (`user_id`)
) ENGINE=InnoDB DEFAULT CHARSET=utf8mb4 COLLATE=utf8mb4_unicode_ci COMMENT='Профили';
/*!40101 SET character_set_client = @saved_cs_client */;

--
-- Dumping data for table `profiles`
--

LOCK TABLES `profiles` WRITE;
/*!40000 ALTER TABLE `profiles` DISABLE KEYS */;
INSERT INTO `profiles` VALUES (1,'Devyn','Maggio','Devyn',2,'1990-08-05',NULL,1,'Colliershire','Iran','2010-11-04 02:58:50','2021-03-14 23:10:11'),(2,'Ona','Hettinger','Ona',1,'1994-11-15',NULL,1,'Nolanborough','Japan','2000-10-29 13:32:54','2021-03-14 23:09:05'),(3,'Karson','O\'Reilly','Karson',1,'2011-10-02',3,2,'Gerlachport','Nicaragua','1981-05-18 16:44:13','2021-03-14 23:10:11'),(4,'Ayana','Douglas','Ayana',1,'2015-05-17',4,2,'West Pearlport','Austria','2005-06-11 19:06:44','2021-03-14 23:10:11'),(5,'Hailey','Schulist','Hailey',1,'1993-10-09',5,2,'Adelashire','Armenia','1972-09-27 01:07:26','2021-03-14 23:10:11'),(6,'Hortense','Fisher','Hortense',2,'2012-03-19',NULL,2,'South Katelyn','French Southern Territories','1971-07-05 05:00:54','2021-03-14 23:09:05'),(7,'Eloisa','Paucek','Eloisa',2,'1974-10-13',NULL,2,'East Rickeyberg','British Indian Ocean Territory (Chagos Archipelago)','1998-01-25 07:57:54','2021-03-14 23:09:05'),(8,'Anabel','Cassin','Anabel',2,'2002-09-23',NULL,2,'West Rexmouth','Brunei Darussalam','1995-04-28 17:34:54','2021-03-14 23:09:05'),(9,'Rafaela','Lesch','Rafaela',1,'1984-05-07',NULL,2,'West Rudyton','Northern Mariana Islands','1989-04-12 16:04:47','2021-03-14 23:09:05'),(10,'Ole','Mertz','Ole',1,'2016-08-11',10,1,'Rhodabury','Fiji','2000-10-31 02:31:12','2021-03-14 23:10:11'),(11,'Julianne','Ullrich','Julianne',1,'2010-02-23',NULL,1,'East Judsonfort','Oman','2000-04-24 20:04:46','2021-03-14 23:09:05'),(12,'Jonathon','Hintz','Jonathon',1,'1980-02-03',NULL,1,'Estefanialand','Jersey','1987-07-13 16:46:58','2021-03-14 23:09:05'),(13,'Gregory','Smitham','Gregory',2,'1984-07-28',13,2,'Adrienburgh','San Marino','1996-07-11 09:56:10','2021-03-14 23:10:11'),(14,'Roosevelt','Blanda','Roosevelt',2,'2013-09-18',NULL,2,'Bergstromhaven','Maldives','1987-02-08 14:59:28','2021-03-14 23:09:05'),(15,'Audra','Dare','Audra',2,'1976-07-12',NULL,2,'New Karleeshire','Zimbabwe','2016-10-06 23:26:21','2021-03-14 23:09:05'),(16,'Orion','O\'Hara','Orion',1,'1998-09-10',NULL,1,'South Elwinborough','Bahamas','1996-04-30 06:07:53','2021-03-14 23:09:05'),(17,'Humberto','Keebler','Humberto',1,'1977-12-19',17,2,'West Elissa','Cambodia','1981-10-26 07:18:22','2021-03-14 23:10:11'),(18,'Louvenia','Renner','Louvenia',1,'1971-03-03',18,1,'Vonshire','Marshall Islands','1973-01-10 19:20:21','2021-03-14 23:10:11'),(19,'Jaron','Barton','Jaron',1,'1998-06-30',NULL,2,'East Raeganport','Mongolia','1999-10-09 18:13:49','2021-03-14 23:09:05'),(20,'Darius','Rippin','Darius',1,'1971-11-30',20,2,'Cynthiamouth','Australia','1972-01-24 07:17:27','2021-03-14 23:10:11'),(21,'Marta','Schneider','Marta',1,'1979-03-24',NULL,2,'Sipesburgh','Honduras','1972-02-13 17:58:51','2021-03-14 23:09:05'),(22,'Merl','Wyman','Merl',2,'2012-09-11',NULL,1,'Kautzerstad','Holy See (Vatican City State)','1999-04-08 16:57:58','2021-03-14 23:09:05'),(23,'Alisha','Donnelly','Alisha',2,'2005-01-13',NULL,2,'Camdenville','Jamaica','1973-04-04 16:02:19','2021-03-14 23:09:05'),(24,'Kelton','Braun','Kelton',1,'1981-09-08',NULL,1,'North Daphne','Libyan Arab Jamahiriya','1985-03-25 17:19:35','2021-03-14 23:09:05'),(25,'Misty','O\'Hara','Misty',1,'1997-05-05',25,1,'North Kaceyport','French Southern Territories','2004-05-31 14:00:11','2021-03-14 23:10:11'),(26,'Lucious','Watsica','Lucious',1,'1992-02-02',NULL,2,'Lake Rachelville','Samoa','2013-01-16 18:08:42','2021-03-14 23:09:05'),(27,'Dixie','McGlynn','Dixie',1,'1977-08-05',NULL,1,'Mrazport','Sierra Leone','2012-07-09 21:24:24','2021-03-14 23:09:05'),(28,'Carolyn','Morar','Carolyn',2,'1979-05-21',NULL,1,'Lake Kristianfurt','Malta','1977-03-17 11:52:46','2021-03-14 23:09:05'),(29,'Kelton','Hickle','Kelton',1,'2013-05-17',NULL,1,'Douglaston','Brazil','2000-10-05 00:15:40','2021-03-14 23:09:05'),(30,'Bobbie','Fadel','Bobbie',1,'2017-02-26',NULL,2,'Shanahanhaven','Martinique','2005-06-17 17:06:03','2021-03-14 23:09:05'),(31,'Forrest','Skiles','Forrest',1,'1990-07-18',NULL,2,'Lebsackland','Belgium','1990-01-29 18:02:58','2021-03-14 23:09:05'),(32,'Dexter','Bogisich','Dexter',1,'1997-06-24',32,1,'West Shaniyaton','Holy See (Vatican City State)','2003-11-01 21:51:16','2021-03-14 23:10:11'),(33,'Deangelo','Greenholt','Deangelo',1,'2008-06-15',NULL,2,'Arnoland','Bangladesh','2006-07-20 01:48:36','2021-03-14 23:09:05'),(34,'Maverick','Runolfsdottir','Maverick',2,'2012-07-24',NULL,2,'South Fay','Antarctica (the territory South of 60 deg S)','1970-11-07 17:07:23','2021-03-14 23:09:05'),(35,'Lenora','Aufderhar','Lenora',2,'2014-09-26',35,1,'Tremblayside','Armenia','1997-02-12 19:34:44','2021-03-14 23:10:11'),(36,'Sigurd','Maggio','Sigurd',2,'1980-09-11',36,2,'New Clemmieberg','Saint Vincent and the Grenadines','1983-10-25 13:46:18','2021-03-14 23:10:11'),(37,'Earl','Schultz','Earl',1,'1996-08-28',NULL,2,'East Ernie','San Marino','2020-11-13 14:38:01','2021-03-14 23:09:05'),(38,'Clovis','Collier','Clovis',2,'2015-08-16',NULL,2,'Ryanmouth','Chile','2017-12-28 20:49:18','2021-03-14 23:09:05'),(39,'Brandy','Dare','Brandy',1,'1994-09-10',NULL,1,'East Magnusside','Kazakhstan','1984-06-23 23:06:12','2021-03-14 23:09:05'),(40,'Bart','Pfeffer','Bart',1,'1971-10-31',40,2,'North Graciela','Djibouti','1998-06-11 23:29:25','2021-03-14 23:10:11'),(41,'Darian','Pacocha','Darian',2,'2017-05-28',NULL,2,'East Olen','Netherlands Antilles','2004-06-08 21:46:16','2021-03-14 23:09:05'),(42,'Arvilla','Dicki','Arvilla',2,'1991-06-04',NULL,1,'Port Anaisborough','Saint Helena','1994-07-09 18:44:04','2021-03-14 23:09:05'),(43,'Liana','Will','Liana',2,'2003-11-15',NULL,1,'New Vada','Kenya','2009-05-23 03:19:57','2021-03-14 23:09:05'),(44,'Leanne','Kulas','Leanne',1,'1976-08-09',NULL,2,'New Humbertohaven','Rwanda','1980-11-03 22:33:42','2021-03-14 23:09:05'),(45,'Deron','Dooley','Deron',2,'1986-02-11',NULL,2,'Gladyceland','Suriname','2004-12-12 12:59:39','2021-03-14 23:09:05'),(46,'Lilliana','Kilback','Lilliana',2,'1996-05-27',46,1,'Lake Marta','Palestinian Territory','2008-12-25 07:25:43','2021-03-14 23:10:11'),(47,'Paxton','Cummings','Paxton',1,'2006-03-31',NULL,1,'East Maureenport','Solomon Islands','1991-06-29 20:32:18','2021-03-14 23:09:05'),(48,'Tre','Schinner','Tre',2,'1984-05-29',NULL,1,'Deloresfort','French Southern Territories','2014-04-09 16:04:55','2021-03-14 23:09:05'),(49,'Sydnee','Flatley','Sydnee',2,'2000-09-02',49,2,'Whitefort','Finland','1980-09-04 11:05:00','2021-03-14 23:10:11'),(50,'Jerome','Ryan','Jerome',1,'2017-08-01',NULL,1,'Torphybury','Suriname','1997-04-12 14:09:47','2021-03-14 23:09:05'),(51,'Alda','Beer','Alda',2,'1986-07-19',NULL,1,'North Hank','Burkina Faso','1971-09-08 22:17:58','2021-03-14 23:09:05'),(52,'Jaydon','Gerhold','Jaydon',2,'2005-10-16',NULL,1,'Wardshire','Turks and Caicos Islands','2018-03-20 16:44:19','2021-03-14 23:09:05'),(53,'Paris','Fadel','Paris',2,'2000-06-13',53,2,'Leuschkeshire','Taiwan','1973-01-18 00:38:31','2021-03-14 23:10:11'),(54,'Milton','Waters','Milton',2,'1998-07-27',54,2,'Spencerland','Ecuador','2020-09-09 20:05:42','2021-03-14 23:10:11'),(55,'Creola','Dare','Creola',1,'1996-01-16',NULL,2,'Douglasside','Haiti','1979-08-28 08:40:29','2021-03-14 23:09:05'),(56,'Leda','Botsford','Leda',2,'1985-10-14',56,2,'Oberbrunnerchester','Saint Lucia','1970-06-07 00:53:12','2021-03-14 23:10:11'),(57,'Rosendo','Hand','Rosendo',2,'2011-10-01',NULL,2,'Rachaelmouth','Iran','2019-04-12 00:21:35','2021-03-14 23:09:05'),(58,'Eddie','Dach','Eddie',1,'1977-05-21',NULL,1,'Wilfridberg','Libyan Arab Jamahiriya','2013-06-01 15:02:45','2021-03-14 23:09:05'),(59,'Onie','West','Onie',1,'2014-06-21',NULL,2,'West Obietown','Bouvet Island (Bouvetoya)','1974-10-23 00:19:37','2021-03-14 23:09:05'),(60,'Cindy','Dare','Cindy',2,'1992-02-21',NULL,1,'Krajcikmouth','Cambodia','1995-05-23 08:53:54','2021-03-14 23:09:05'),(61,'Madisen','Macejkovic','Madisen',1,'2002-06-07',61,1,'Spencerberg','Niger','1995-09-28 01:02:10','2021-03-14 23:10:11'),(62,'Leopold','Spencer','Leopold',2,'1999-09-02',NULL,2,'West Patrickshire','Malta','2018-10-01 06:10:14','2021-03-14 23:09:05'),(63,'Griffin','Rutherford','Griffin',2,'1989-01-09',63,2,'New Cliftonborough','Turks and Caicos Islands','2004-03-16 13:03:39','2021-03-14 23:10:11'),(64,'Zelma','Roob','Zelma',2,'1992-12-22',NULL,1,'New Tristian','Cook Islands','1985-07-20 12:57:14','2021-03-14 23:09:05'),(65,'Haley','Tromp','Haley',1,'2014-10-04',NULL,1,'Port Nyah','Palestinian Territory','1980-09-21 20:33:36','2021-03-14 23:09:05'),(66,'Imelda','Osinski','Imelda',1,'1990-06-05',NULL,1,'East Amiya','Sao Tome and Principe','1988-04-21 00:51:10','2021-03-14 23:09:05'),(67,'Frieda','Kuvalis','Frieda',2,'2012-03-05',NULL,2,'Hoppeton','Belgium','1976-09-11 10:37:43','2021-03-14 23:09:05'),(68,'Murphy','Dickens','Murphy',1,'1970-06-16',NULL,2,'East Julianbury','Cambodia','2007-06-28 03:05:01','2021-03-14 23:09:05'),(69,'Mable','Jacobs','Mable',1,'1999-09-30',NULL,2,'New Rickiemouth','Cuba','1972-10-17 23:44:28','2021-03-14 23:09:05'),(70,'Nestor','McCullough','Nestor',1,'1982-10-06',NULL,2,'New Floydburgh','Cameroon','1981-04-16 11:24:43','2021-03-14 23:09:05'),(71,'Zander','Treutel','Zander',2,'2013-09-26',71,2,'Lake Kylee','Paraguay','1991-09-08 05:50:58','2021-03-14 23:10:11'),(72,'Dashawn','Jones','Dashawn',2,'1991-10-01',NULL,1,'Lake Jamesonmouth','Montenegro','1998-02-06 04:21:28','2021-03-14 23:09:05'),(73,'Antone','Watsica','Antone',1,'1984-10-02',NULL,1,'Torphyville','Algeria','1988-09-22 20:59:45','2021-03-14 23:09:05'),(74,'Winfield','Macejkovic','Winfield',2,'2017-04-22',74,2,'Port Gianni','Solomon Islands','2019-06-04 16:34:53','2021-03-14 23:10:11'),(75,'Gretchen','Brekke','Gretchen',1,'2016-10-16',75,2,'Littelbury','Ireland','1984-06-08 19:52:44','2021-03-14 23:10:11'),(76,'Maryjane','Moen','Maryjane',1,'1986-01-14',76,1,'Bashirianshire','Togo','2014-01-15 02:41:58','2021-03-14 23:10:11'),(77,'Leonel','Wiza','Leonel',1,'2015-10-02',NULL,2,'Koelpinfort','Greenland','1972-05-30 17:47:41','2021-03-14 23:09:05'),(78,'Colin','Treutel','Colin',2,'2017-04-27',NULL,1,'Lake General','United States Minor Outlying Islands','1982-02-14 06:05:31','2021-03-14 23:09:05'),(79,'Ephraim','Ullrich','Ephraim',1,'2004-04-21',NULL,1,'New Taryn','Dominican Republic','2003-08-07 14:16:53','2021-03-14 23:09:05'),(80,'Kaylee','Cassin','Kaylee',2,'2007-03-06',NULL,2,'Christinemouth','Cuba','1983-02-28 10:56:46','2021-03-14 23:09:05'),(81,'Nellie','Marks','Nellie',2,'1982-06-13',81,2,'West Nicolabury','Sao Tome and Principe','2020-03-11 03:50:27','2021-03-14 23:10:11'),(82,'Jordyn','Tremblay','Jordyn',2,'2003-04-20',82,1,'Daphnestad','French Southern Territories','1981-01-13 12:43:49','2021-03-14 23:10:11'),(83,'Jonas','Gaylord','Jonas',2,'2020-10-19',NULL,1,'North Desireeburgh','Thailand','1998-06-20 17:49:33','2021-03-14 23:09:05'),(84,'Cathrine','Kertzmann','Cathrine',2,'2020-10-27',NULL,2,'Runteshire','Ecuador','1987-10-02 02:23:44','2021-03-14 23:09:05'),(85,'Pete','Ferry','Pete',2,'2002-12-05',85,1,'East Chelseaberg','Cuba','2001-01-10 02:19:05','2021-03-14 23:10:11'),(86,'Hannah','Kshlerin','Hannah',1,'1989-01-02',86,2,'Bryonborough','Zambia','1971-01-06 19:45:03','2021-03-14 23:10:11'),(87,'Rhianna','Gottlieb','Rhianna',1,'2004-01-05',NULL,2,'South Ryleightown','Aruba','1970-08-13 07:05:05','2021-03-14 23:09:05'),(88,'Mallie','Hamill','Mallie',2,'1986-01-07',NULL,2,'Port Melissahaven','Australia','2020-03-03 04:22:10','2021-03-14 23:09:05'),(89,'Daphney','Nitzsche','Daphney',1,'1991-07-12',89,2,'Torpstad','Papua New Guinea','2016-09-29 16:31:46','2021-03-14 23:10:11'),(90,'Mireya','Kuvalis','Mireya',1,'1978-03-09',NULL,1,'Emiliachester','Turks and Caicos Islands','2006-04-24 14:04:09','2021-03-14 23:09:05'),(91,'Damon','Weimann','Damon',2,'1987-06-01',91,2,'Barrowshaven','Cook Islands','2014-06-16 10:31:57','2021-03-14 23:10:11'),(92,'Retta','Kuhn','Retta',2,'1992-05-06',NULL,1,'Hintzport','Comoros','1994-04-17 13:37:20','2021-03-14 23:09:05'),(93,'Kareem','Roob','Kareem',2,'2008-08-09',93,2,'South Fannyton','Morocco','1999-03-02 21:20:34','2021-03-14 23:10:11'),(94,'Heidi','Gislason','Heidi',1,'2013-10-11',NULL,1,'Jazlynbury','Malawi','2010-06-01 22:33:18','2021-03-14 23:09:05'),(95,'Helena','Koepp','Helena',2,'1982-06-21',95,1,'Beiertown','Kazakhstan','1986-07-18 03:58:45','2021-03-14 23:10:11'),(96,'Maurine','Hintz','Maurine',2,'1999-06-29',NULL,1,'North Donavonstad','United States Minor Outlying Islands','2015-11-12 09:19:42','2021-03-14 23:09:05'),(97,'Karine','Hoppe','Karine',2,'2019-08-05',NULL,2,'North Wilmaland','Italy','1975-11-03 04:59:59','2021-03-14 23:09:05'),(98,'Trinity','Hudson','Trinity',1,'2004-09-22',NULL,2,'Branditon','Macedonia','1970-08-07 10:09:34','2021-03-14 23:09:05'),(99,'Sienna','Goodwin','Sienna',2,'1991-03-23',NULL,2,'Hyattfort','Mali','1971-03-11 12:50:59','2021-03-14 23:09:05'),(100,'Taryn','Little','Taryn',2,'1988-05-08',NULL,2,'South Khalil','Jamaica','2001-05-01 05:07:44','2021-03-14 23:09:05');
/*!40000 ALTER TABLE `profiles` ENABLE KEYS */;
UNLOCK TABLES;

--
-- Table structure for table `user_statuses`
--

DROP TABLE IF EXISTS `user_statuses`;
/*!40101 SET @saved_cs_client     = @@character_set_client */;
/*!50503 SET character_set_client = utf8mb4 */;
CREATE TABLE `user_statuses` (
  `id` int unsigned NOT NULL AUTO_INCREMENT COMMENT 'Идентификатор строки',
  `name` varchar(100) NOT NULL COMMENT 'Название статуса',
  `created_at` datetime NOT NULL DEFAULT CURRENT_TIMESTAMP COMMENT 'Время создания строки',
  `update_at` datetime DEFAULT CURRENT_TIMESTAMP ON UPDATE CURRENT_TIMESTAMP COMMENT 'Время обновления строки',
  PRIMARY KEY (`id`)
) ENGINE=InnoDB AUTO_INCREMENT=3 DEFAULT CHARSET=utf8mb4 COLLATE=utf8mb4_0900_ai_ci COMMENT='Справочник статусов пользователя';
/*!40101 SET character_set_client = @saved_cs_client */;

--
-- Dumping data for table `user_statuses`
--

LOCK TABLES `user_statuses` WRITE;
/*!40000 ALTER TABLE `user_statuses` DISABLE KEYS */;
INSERT INTO `user_statuses` VALUES (1,'Single','2021-03-14 22:25:03','2021-03-14 22:25:03'),(2,'Married','2021-03-14 22:25:03','2021-03-14 22:25:03');
/*!40000 ALTER TABLE `user_statuses` ENABLE KEYS */;
UNLOCK TABLES;

--
-- Table structure for table `users`
--

DROP TABLE IF EXISTS `users`;
/*!40101 SET @saved_cs_client     = @@character_set_client */;
/*!50503 SET character_set_client = utf8mb4 */;
CREATE TABLE `users` (
  `id` int unsigned NOT NULL AUTO_INCREMENT COMMENT 'Идентификатор строки',
  `email` varchar(100) CHARACTER SET utf8mb4 COLLATE utf8mb4_unicode_ci NOT NULL COMMENT 'Почта',
  `phone` varchar(100) CHARACTER SET utf8mb4 COLLATE utf8mb4_unicode_ci NOT NULL COMMENT 'Телефон',
  `created_at` datetime DEFAULT CURRENT_TIMESTAMP COMMENT 'Время создания строки',
  `updated_at` datetime DEFAULT CURRENT_TIMESTAMP ON UPDATE CURRENT_TIMESTAMP COMMENT 'Время обновления строки',
  PRIMARY KEY (`id`),
  UNIQUE KEY `email` (`email`),
  UNIQUE KEY `phone` (`phone`)
) ENGINE=InnoDB AUTO_INCREMENT=101 DEFAULT CHARSET=utf8mb4 COLLATE=utf8mb4_unicode_ci COMMENT='Пользователи';
/*!40101 SET character_set_client = @saved_cs_client */;

--
-- Dumping data for table `users`
--

LOCK TABLES `users` WRITE;
/*!40000 ALTER TABLE `users` DISABLE KEYS */;
INSERT INTO `users` VALUES (1,'rogahn.braxton@example.net','+50(2)2111563847','2020-06-01 19:08:58','2010-10-02 13:43:12'),(2,'tswaniawski@example.net','00539808307','2008-02-12 12:23:01','1990-07-21 13:12:20'),(3,'lucile.spinka@example.org','1-510-139-7087','1991-02-23 10:38:16','1981-06-29 19:04:37'),(4,'beth66@example.org','096.681.2011','1985-07-18 19:18:36','2011-05-26 03:25:06'),(5,'thompson.lilla@example.net','919.146.4297x112','1994-07-12 09:46:08','2009-01-28 18:09:56'),(6,'kkiehn@example.com','(200)944-8954x3727','2020-10-25 03:53:42','2010-01-09 01:01:26'),(7,'dangelo64@example.net','05041693736','1999-08-02 07:10:01','2019-03-10 17:12:10'),(8,'roob.doris@example.org','+72(5)4101908438','1973-06-05 05:33:00','1991-07-22 19:49:32'),(9,'ettie23@example.net','306.415.4106x7660','2000-11-11 20:15:23','2013-11-03 22:01:57'),(10,'louisa.nader@example.com','040-031-5969','1998-07-01 22:52:40','2014-12-20 03:09:44'),(11,'smitham.valerie@example.org','1-267-487-0747x6389','2012-10-11 22:56:57','2002-04-02 15:53:08'),(12,'ludwig.senger@example.net','(709)577-1727x256','1987-04-03 22:54:21','1988-04-29 14:08:04'),(13,'dkoelpin@example.net','822-699-2524x7771','2016-09-10 22:48:44','1992-09-06 06:21:35'),(14,'renner.franz@example.com','1-231-933-4181x553','1973-09-22 03:29:07','1986-07-14 18:22:41'),(15,'marie.leannon@example.org','1-589-793-8920','1990-06-17 05:01:52','1975-04-15 06:11:26'),(16,'giovanna00@example.net','1-941-443-3162','2018-09-18 23:11:22','1970-11-17 14:35:01'),(17,'constance.gottlieb@example.com','(788)603-0925','1994-08-06 04:38:56','1975-11-18 05:26:23'),(18,'scot.bogan@example.com','805.501.1214x38368','1987-11-01 14:02:53','2005-03-08 21:55:19'),(19,'gottlieb.arch@example.net','(147)831-9795x97077','1991-04-28 00:56:37','1974-04-08 13:04:10'),(20,'mlarson@example.org','(057)030-2987x00244','2000-09-16 10:40:17','1986-05-31 08:50:11'),(21,'trent03@example.com','1-927-666-5351x086','2015-01-17 21:49:57','1999-12-02 01:36:57'),(22,'kupton@example.org','1-978-386-3348x9721','2005-08-10 15:02:16','1984-12-22 13:20:53'),(23,'sporer.june@example.com','(784)037-8210','1996-02-06 23:53:54','1984-05-28 09:54:36'),(24,'marielle.mraz@example.com','(044)070-4121','1999-02-16 06:16:01','2000-10-05 21:08:22'),(25,'gracie.lueilwitz@example.com','(856)821-5115x4430','2004-10-13 10:16:31','1991-02-05 13:35:27'),(26,'raphael94@example.com','(228)374-8938','1974-10-31 06:33:53','1999-02-04 08:36:06'),(27,'fisher.flavie@example.com','012.659.0773x51480','1996-02-23 02:04:57','2003-02-11 01:54:38'),(28,'jordy61@example.net','03795145587','2018-11-15 14:20:27','2003-11-27 19:43:52'),(29,'declan55@example.net','(502)344-9915x22950','1977-01-07 04:51:33','1973-05-19 21:57:36'),(30,'octavia.effertz@example.com','02551657895','1998-07-02 21:40:41','1970-12-18 11:57:20'),(31,'jaron.veum@example.net','514-082-8317x1008','2017-03-31 04:21:10','1979-07-09 11:42:13'),(32,'xwindler@example.org','1-790-850-7364x22154','2014-10-25 11:10:30','1973-05-26 00:54:12'),(33,'stehr.kyle@example.net','334.450.4299x3244','1993-03-30 23:50:28','2014-11-03 09:09:48'),(34,'ewyman@example.net','705.813.0304x75227','2008-02-18 14:18:01','1974-08-04 13:19:42'),(35,'efranecki@example.com','(615)217-9833x786','1999-02-08 05:14:07','2010-08-17 01:31:03'),(36,'jakubowski.blanca@example.com','1-012-147-6257','1999-06-01 00:08:58','1986-03-04 11:53:49'),(37,'qgreen@example.com','(472)270-6055','1970-04-27 20:56:01','1987-09-09 22:26:15'),(38,'velma.thompson@example.org','(475)248-1196','2006-09-04 05:03:03','1977-01-13 10:30:46'),(39,'schuster.timmy@example.org','1-201-585-8603','1996-06-29 19:50:03','1972-08-27 04:19:26'),(40,'rebekah93@example.com','1-773-539-0854','2002-01-06 05:22:13','2003-07-11 13:42:31'),(41,'carmel95@example.net','372-336-5027x5749','1979-12-12 07:56:06','2014-02-23 09:18:59'),(42,'schmeler.terrell@example.org','779.979.0250x248','1991-04-17 09:44:59','1970-09-17 08:47:07'),(43,'rfarrell@example.com','1-518-332-8827x640','2004-03-12 21:31:12','1975-07-02 09:20:09'),(44,'walker.lew@example.net','1-431-023-2897','1978-05-09 04:00:27','2003-09-21 11:46:54'),(45,'kirsten68@example.org','(063)561-1295','2005-11-23 13:16:02','1981-09-17 19:44:05'),(46,'oglover@example.org','914.574.7062x036','2011-07-01 23:29:47','1989-04-10 11:44:55'),(47,'atillman@example.net','1-281-261-8062x16251','1980-03-08 00:47:45','2019-03-22 14:49:14'),(48,'rylan96@example.com','770-640-0229','2020-06-23 19:44:34','1985-06-30 04:08:18'),(49,'savanna.smitham@example.net','+13(9)9647502188','1994-01-28 00:32:26','2017-04-09 08:58:21'),(50,'dino.homenick@example.com','049-968-6921','2016-07-14 16:19:17','1980-03-18 02:51:16'),(51,'rosella33@example.org','(103)842-6554x9111','2006-12-08 02:40:43','1986-08-21 12:46:18'),(52,'schowalter.lon@example.net','(155)842-3214x042','2019-09-17 05:56:12','2019-12-23 02:56:00'),(53,'brooks.d\'amore@example.net','(294)656-7108x76679','1984-11-23 18:54:51','2013-11-15 01:20:51'),(54,'keara70@example.org','1-103-764-6938','1979-03-30 10:34:58','1989-08-28 05:45:04'),(55,'sherwood.keebler@example.net','+39(8)1228951250','2013-05-14 09:55:11','2011-03-03 10:55:05'),(56,'blair.altenwerth@example.com','1-883-557-4411x557','2020-06-15 04:11:52','2012-02-25 00:11:21'),(57,'guido24@example.com','1-596-077-3843x12485','1992-09-06 00:26:28','2008-04-23 02:39:45'),(58,'stanton.alf@example.net','(721)945-7839x0027','2006-07-23 07:45:06','1970-04-07 02:48:10'),(59,'elfrieda.o\'keefe@example.net','274.116.5978','1996-03-23 15:19:59','1982-03-12 17:22:22'),(60,'eleonore88@example.org','362-087-7891','1993-02-27 06:14:31','1976-05-26 04:41:24'),(61,'lgislason@example.com','+70(5)7255446682','2014-11-11 05:50:46','1995-11-10 15:01:51'),(62,'qskiles@example.org','050-415-3953x7270','2021-02-16 00:41:17','1992-09-21 12:10:40'),(63,'trudie18@example.com','(710)375-3751x04508','1995-12-13 13:15:26','1995-05-22 03:24:06'),(64,'idibbert@example.com','1-891-000-9368x450','2004-09-02 02:46:10','2019-01-30 20:34:21'),(65,'marquardt.keyshawn@example.net','(984)557-7158x4426','2010-09-15 14:12:30','1972-09-23 16:13:05'),(66,'gene58@example.com','148-017-6449x848','1993-06-25 17:14:21','2017-08-03 01:04:19'),(67,'ejast@example.org','068.298.2126x9519','1995-11-14 13:39:00','2016-02-20 11:13:16'),(68,'emelie23@example.net','(486)090-5732','1981-11-15 20:09:58','2011-08-10 15:26:09'),(69,'sabina.walsh@example.org','999.531.9732x96651','1970-11-16 23:05:13','1992-08-16 03:46:02'),(70,'barton.angeline@example.com','+83(2)8539823233','2013-10-05 19:04:50','1986-11-04 22:16:06'),(71,'ybrown@example.net','(466)340-0504x4985','2004-12-30 15:19:07','1997-07-24 18:08:28'),(72,'bridget02@example.org','751.914.8543','1984-02-03 22:21:35','1986-04-10 03:36:36'),(73,'ray69@example.com','(510)056-4553','2007-07-20 22:35:49','1987-11-16 12:42:22'),(74,'hhudson@example.org','(326)035-9826','1981-04-15 00:28:02','1973-04-12 12:16:53'),(75,'sconn@example.com','1-850-454-3029','1996-05-03 18:02:43','1981-01-11 13:39:07'),(76,'dare.isabell@example.com','818.200.3233x25560','2004-06-14 10:41:32','2009-02-10 12:44:06'),(77,'jtremblay@example.net','1-634-953-7066','1991-09-10 10:10:47','1990-06-03 07:58:31'),(78,'konopelski.mikel@example.com','1-788-686-3759','2000-01-24 13:08:48','1981-09-23 11:39:22'),(79,'thompson.rachelle@example.net','056.007.0565','2008-02-29 21:28:32','2019-05-01 00:48:31'),(80,'casper.roy@example.net','(736)077-2327','1983-03-24 17:09:43','2008-10-04 07:07:39'),(81,'cielo80@example.com','(835)479-7620','1985-03-27 18:55:52','2016-06-18 23:10:26'),(82,'nmacejkovic@example.org','191-403-9381x722','1983-08-11 19:03:46','2000-02-29 01:52:03'),(83,'gabrielle.goyette@example.net','1-439-410-0336x4803','2006-09-08 20:48:45','2003-03-06 13:00:39'),(84,'audrey67@example.net','(930)548-8476','2009-04-28 17:33:51','1996-03-25 17:33:59'),(85,'amparo.bernier@example.org','1-202-207-8281x3560','1971-02-07 19:10:45','1976-08-06 16:52:06'),(86,'qwalsh@example.net','671.299.6369','2005-10-28 17:46:14','2017-07-08 19:24:06'),(87,'dylan.stamm@example.net','1-235-007-0054x15738','1974-05-30 01:44:08','2000-07-25 13:14:08'),(88,'danyka.bahringer@example.net','353-002-5932x735','1981-03-23 16:25:04','2017-07-17 21:47:19'),(89,'freida13@example.com','(246)991-0584x734','1973-11-25 10:27:09','2006-12-12 12:17:25'),(90,'arnulfo42@example.com','1-785-478-0239x4667','1998-12-06 10:51:54','1979-08-04 01:39:06'),(91,'schuppe.lawson@example.net','1-533-103-1020','2013-03-20 04:44:38','2005-02-11 15:13:31'),(92,'odibbert@example.net','(364)789-1777x7371','1995-03-27 00:04:57','2004-07-19 07:07:54'),(93,'hegmann.layne@example.org','06238310945','2002-07-07 04:12:39','2003-01-29 07:24:46'),(94,'purdy.selina@example.com','732.000.7339x0329','1974-11-08 13:46:13','2011-07-27 13:24:48'),(95,'douglas.felix@example.net','532-117-7668x352','2017-03-13 04:54:37','1972-03-23 12:39:53'),(96,'ylittle@example.net','415-762-9886x410','1986-11-17 07:00:43','1979-08-19 13:22:38'),(97,'madelynn85@example.net','746.421.9440x0331','2003-09-10 15:20:54','1992-01-05 13:38:34'),(98,'sdenesik@example.com','129-985-1407x312','1997-10-05 17:01:11','1999-02-17 17:42:08'),(99,'femard@example.com','954-915-2063x580','2021-03-09 04:57:54','1976-09-01 18:56:43'),(100,'clare.mayer@example.net','1-403-330-4744x3825','2018-10-06 01:30:07','1988-05-14 04:44:30');
/*!40000 ALTER TABLE `users` ENABLE KEYS */;
UNLOCK TABLES;

--
-- Dumping routines for database 'vk'
--
/*!40103 SET TIME_ZONE=@OLD_TIME_ZONE */;

/*!40101 SET SQL_MODE=@OLD_SQL_MODE */;
/*!40014 SET FOREIGN_KEY_CHECKS=@OLD_FOREIGN_KEY_CHECKS */;
/*!40014 SET UNIQUE_CHECKS=@OLD_UNIQUE_CHECKS */;
/*!40101 SET CHARACTER_SET_CLIENT=@OLD_CHARACTER_SET_CLIENT */;
/*!40101 SET CHARACTER_SET_RESULTS=@OLD_CHARACTER_SET_RESULTS */;
/*!40101 SET COLLATION_CONNECTION=@OLD_COLLATION_CONNECTION */;
/*!40111 SET SQL_NOTES=@OLD_SQL_NOTES */;

-- Dump completed on 2021-03-14 23:57:32
